ID,Type,SKU,Name,Published,"Date sale price starts","In stock?","Sale price","Regular price",Categories,Images,"External URL","Attribute 1 name","Attribute 1 value(s)","Attribute 1 visible","Attribute 1 global","Meta: _besa_attribute_select","Meta: _besa_single_layout_select","Meta: _product_size_guide_image","Meta: rs_page_bg_color","Meta: besa_post_views_count","Meta: _wp_page_template","Meta: _last_editor_used_jetpack","Meta: _regular_price_wmcp","Meta: _sale_price_wmcp","Meta: om_disable_all_campaigns","Meta: site-sidebar-layout","Meta: site-content-layout","Meta: theme-transparent-header-meta","Meta: stick-header-meta","Meta: _wpro_no_date_label","Meta: _wpro_date_label","Meta: _wpro_manage_price","Meta: _wpro_price_type","Meta: _wpro_amount_price","Meta: _simple_preorder","Meta: _wpro_price","Meta: _wpro_label","Meta: _wpro_date","Meta: _wpro_time","Meta: _wbs_wcpb_bundle_data","Meta: wcpa_exclude_global_forms","Meta: _aioseo_og_article_section","Meta: _monsterinsights_sitenote_active","Meta: _eael_post_view_count","Meta: ast-site-content-layout","Meta: site-content-style","Meta: site-sidebar-style","Meta: astra-migrate-meta-layouts","Meta: _woocs_price_geo_countries","Meta: _woocs_regular_price_geo","Meta: _woocs_sale_price_geo","Meta: _besa_video_url","Meta: _besa_video_image_url","Meta: _nigeria_sale_price_dates","Meta: _nigeria_sale_price_dates_from","Meta: _nigeria_sale_price_dates_to","Meta: _mi_skip_tracking","Meta: woolentor_views_count_product","Attribute 1 default","Meta: _wp_old_date","Meta: _oembed_48065f62d8d9661a6ac05da04c637c0c","Meta: _oembed_time_48065f62d8d9661a6ac05da04c637c0c","Meta: _oembed_e33b4d213fd7b8bafa28caf3da591e88","Meta: _oembed_time_e33b4d213fd7b8bafa28caf3da591e88","Attribute 2 name","Attribute 2 value(s)","Attribute 2 visible","Attribute 2 global","Meta: _aioseo_title","Meta: _aioseo_description","Meta: _aioseo_og_title","Meta: _aioseo_og_description","Meta: _aioseo_twitter_title","Meta: _aioseo_twitter_description","Meta: _uf_disable_surveys","Download 1 ID","Download 1 name","Download 1 URL","Meta: _wpro_date_label_variable","Meta: _wpro_no_date_label_variable","Meta: _wpro_manage_price_variable","Meta: _wpro_price_variable","Meta: _wpro_label_variable","Meta: _wpro_price_type_variable","Meta: _wpro_amount_price_variable","Meta: _wpro_date_variable","Meta: _wpro_time_variable","Meta: _wpro_variable_is_preorder","Meta: _oembed_79de265aff534150316bd02db49afdad","Meta: _oembed_time_79de265aff534150316bd02db49afdad","Meta: _oembed_4b28eeeb0c436b44a2a16c16999be8d0","Meta: _oembed_523cdcc633bb309a906890bce4e55973"
5289,variable,K001,"BREAKING STRONGHOLD FROM THE COURT OF HEAVEN",1,,1,,,"Breakthrough, Deliverance, Prayer",https://kairosbookshop.org/wp-content/uploads/2021/02/Breaking-Stronghold-From-The-Court-Of-Heaven.jpeg,,"Select Book Type","Hardcopy, Softcopy",1,1,,,,,1671,default,classic-editor,"{""USD"":""5.06""}","{""USD"":""4.43""}",,default,default,default,default,,,,manual,fixed,no,,,,00:00,,,,0,5376,default,default,default,set,,,,,,,,,,,,,,,,,,,,
5343,variable,K004,"OBTAINING A CHANGE OF GARMENT FROM THE COURT OF HEAVEN",1,,1,,,"Breakthrough, Deliverance, Prayer",https://kairosbookshop.org/wp-content/uploads/2021/02/Obtaining-a-Change-Of-Garment-From-The-Court-Of-Heaven.jpeg,,"Select Book Type","Hardcopy, Softcopy",1,1,,,,,672,default,classic-editor,"{""USD"":""5.06""}","{""USD"":""4.43""}",,default,default,default,default,,,,manual,fixed,no,,,,,,,,0,1090,default,default,default,set,,,,,,,,,,,,,,,,,,,,
5344,variable,K005,"THE WHOLE ARMOUR OF GOD",1,,1,,,"Prayer, Spiritual Warfare",https://kairosbookshop.org/wp-content/uploads/2021/02/The-Whole-Armour-Of-God.jpeg,,"Select Book Type","Hardcopy, Softcopy",1,1,,,,,1329,default,classic-editor,"{""USD"":""""}","{""USD"":""""}",,default,default,default,default,,,,manual,fixed,no,,,,,,,,0,7166,default,default,default,set,,,,,,,,,,,,,,,,,,,,
5350,variable,K008,"THE LANGUAGE OF THE PROPHETIC",1,,1,,,Prophetic,https://kairosbookshop.org/wp-content/uploads/2021/02/The-Language-Of-The-Prophetic.jpeg,,"Select Book Type","Hardcopy, Softcopy",1,1,,,,,1177,default,classic-editor,"{""USD"":""""}","{""USD"":""""}",,default,default,default,default,,,,manual,fixed,no,,,,,,,,0,6533,default,default,default,set,,,,,,,,,,,,,,,,,,,,
5356,variable,,"CHURCH AND MONEY",1,,1,,,"Finances/Giving, Pastoral ministry and Church Growth",https://kairosbookshop.org/wp-content/uploads/2021/02/Church-and-Money.png,,"Select Book Type","Hardcopy, Softcopy",1,1,,,,,914,default,classic-editor,"{""USD"":""""}","{""USD"":""""}",,default,default,default,default,,,,manual,fixed,no,,,,,,1,,0,2028,default,default,default,set,,,,https://youtu.be/-X0r-_WnCfI,5358,default,,,0,,,,,,,,,,,
5660,variable,,"CELL SYSTEM AND CHURCH GROWTH",1,,1,,,"Pastoral ministry and Church Growth",https://kairosbookshop.org/wp-content/uploads/2021/05/Cell-System-And-Church-Growth.jpeg,,"Select Book Type","Hardcopy, Softcopy",1,1,,,,,1110,default,classic-editor,"{""USD"":""""}","{""USD"":""""}",,default,default,default,default,,,,manual,fixed,no,,,,,,,,0,2906,default,default,default,set,,,,,,default,,,,2,,,,,,,,,,
5668,variable,,"CHURCH ADMINISTRATION AND FINANCES",1,,1,,,"Pastoral ministry and Church Growth",https://kairosbookshop.org/wp-content/uploads/2021/05/Church-Administration-And-Finances.jpeg,,"Select Book Type","Hardcopy, Softcopy",1,1,,,,,726,default,classic-editor,"{""USD"":""""}","{""USD"":""""}",,default,default,default,default,,,,manual,fixed,no,,,,,,,,0,3083,default,default,default,set,,,,,,default,,,,1,,,,,,,,,,
5683,variable,,"DRESSCODE FOR ENTERING THE COURT OF HEAVEN",1,,1,,,"Deliverance, Prayer",https://kairosbookshop.org/wp-content/uploads/2021/05/Dresscode-For-Entering-The-Court-Of-Heaven.jpeg,,"Select Book Type","Hardcopy, Softcopy",1,1,,,,,590,default,classic-editor,"{""USD"":""""}","{""USD"":""""}",,default,default,default,default,,,,manual,fixed,no,,,,,,,,0,4483,default,default,default,set,,,,,,default,,,,,,,,,,,,,,
5688,variable,,"ENJOYING DIVINE HEALTH",1,,1,,,Healing,https://kairosbookshop.org/wp-content/uploads/2021/05/Enjoying-Divine-Health.jpeg,,"Select Book Type","Hardcopy, Softcopy",1,1,,,,,966,default,classic-editor,"{""USD"":""""}","{""USD"":""""}",,default,default,default,default,,,,manual,fixed,no,,,,,,,,0,4004,default,default,default,set,,,,,,default,,,,,,,,,,,,,,
5694,variable,,"GROWING A NEW CHURCH",1,,1,,,"Pastoral ministry and Church Growth",https://kairosbookshop.org/wp-content/uploads/2021/05/Growing-A-new-Church.jpeg,,"Select Book Type","Hardcopy, Softcopy",1,1,,,,,1247,default,classic-editor,"{""USD"":""5.06""}","{""USD"":""4.43""}",,default,default,default,default,,,,manual,fixed,no,,,,,,,,0,3681,default,default,default,set,,,,,,default,,,,1,,,,,,,,,,
5699,variable,,"HOW TO RELEASE THE HEALING POWER OF GOD",1,,1,,,Healing,https://kairosbookshop.org/wp-content/uploads/2021/05/How-To-release-The-Healing-Of-God.jpeg,,"Select Book Type","Hardcopy, Softcopy",1,1,,,,,284,default,classic-editor,"{""USD"":""""}","{""USD"":""""}",,default,default,default,default,,,,manual,fixed,no,,,,,,,,0,796,default,default,default,set,,,,,,default,,,,,,,,,,,,,,
5702,variable,,"MAKING, MANAGING & MULTIPLYING MONEY",1,,1,,,"Breakthrough, Finances/Giving",https://kairosbookshop.org/wp-content/uploads/2021/05/MakingManaging-and-Multiplying-Money.jpeg,,"Select Book Type","Hardcopy, Softcopy",1,1,,,,,194,default,classic-editor,"{""USD"":""""}","{""USD"":""""}",,default,default,default,default,,,,manual,fixed,no,,,,,,,,0,727,default,default,default,set,,,,,,default,,,,,,,,,,,,,,
5707,variable,,"RECOGNIZING THE VOICE OF GOD",1,,1,,,"Prophetic, VGS Week four 2025",https://kairosbookshop.org/wp-content/uploads/2021/05/Recognizing-The-Voice-Of-God.jpeg,,"Select Book Type","Hardcopy, Softcopy",1,1,,,,,679,default,classic-editor,"{""USD"":""""}","{""USD"":""""}",,default,default,default,default,,,,manual,fixed,no,,,,,,,,0,2396,default,default,default,set,,,,,,default,,,,1,,,,,,,,,,
5709,variable,,"REDISCOVERING FELLOWSHIP AND DEVOTION",1,,1,,,"Spiritual Growth",https://kairosbookshop.org/wp-content/uploads/2021/05/Rediscovering-Fellowship-And-Devotion.jpeg,,"Select Book Type","Hardcopy, Softcopy",1,1,,,,,189,default,classic-editor,"{""USD"":""""}","{""USD"":""""}",,default,default,default,default,,,,manual,fixed,no,,,,,,,,0,771,default,default,default,set,,,,,,default,,,,,,,,,,,,,,
5722,variable,,"BURNING FOR THE LORD",1,,1,,,"Prayer, Revival, Spiritual Growth",https://kairosbookshop.org/wp-content/uploads/2021/11/Burning-For-The-Lord.jpeg,,"Select Book Type","Hardcopy, Softcopy",1,1,,,,,989,default,classic-editor,"{""USD"":""""}","{""USD"":""""}",,default,default,default,default,,,,manual,fixed,no,,,,,,,,0,2533,default,default,default,set,,,,,,default,,,,,,,,,,,,,,
5750,variable,,"THE MINISTRY OF PRAYER",1,,1,,,Prayer,https://kairosbookshop.org/wp-content/uploads/2021/11/The-Ministry-Of-Prayer-1.jpeg,,"Select Book Type","Hardcopy, Softcopy",1,1,,,,,764,default,classic-editor,"{""USD"":""""}","{""USD"":""""}",,default,default,default,default,,,,manual,fixed,no,,,,,,,,0,1500,default,default,default,set,,,,,,,,,,,,,,,,,,,,
5755,variable,,"WITNESSING – STUDY COURSE SERIES",1,,1,,,"Pastoral ministry and Church Growth, Spiritual Growth",https://kairosbookshop.org/wp-content/uploads/2025/01/Witnessing.webp,,"Select Book Type","Hardcopy, Softcopy",1,1,,,,,568,default,classic-editor,"{""USD"":""""}","{""USD"":""""}",,default,default,default,default,,,,manual,fixed,no,,,,,,,,0,1250,default,default,default,set,,,,,,,,,,1,Softcopy,,,,,,,,,
5758,variable,,"COURTFARE – ADVANCED PRAYER SERIES",1,,1,,,"Breakthrough, Deliverance, Spiritual Warfare",https://kairosbookshop.org/wp-content/uploads/2025/01/Courtfare-Advance-Prayer-Series.webp,,"Select Book Type","Hardcopy, Softcopy",1,1,,,,,538,default,classic-editor,"{""USD"":""""}","{""USD"":""""}",,default,default,default,default,,,,manual,fixed,no,,,,,,,,0,1841,default,default,default,set,,,,,,,,,,,,,,,,,,,,
5768,variable,,"THE GEOGRAPHY OF PROSPERITY",1,,1,,,Prosperity,https://kairosbookshop.org/wp-content/uploads/2021/12/The-Geography-Of-Prosperity.jpeg,,"Select Book Type","Hardcopy, Softcopy",1,1,,,,,942,default,classic-editor,"{""USD"":""""}","{""USD"":""""}",,default,default,default,default,,,,manual,fixed,no,,,,,,,,0,3161,default,default,default,set,,,,,,,,,,,,,,,,,,,,
5769,variable,,"YOUR MIND, YOUR PROSPERITY",1,,1,,,"Breakthrough, Finances/Giving, Personal Development, VGS Week Two 2025",https://kairosbookshop.org/wp-content/uploads/2025/01/Your-Mind-Your-Prosperity.webp,,"Select Book Type","Hardcopy, Softcopy",1,1,,,,,191,default,classic-editor,"{""USD"":""5.06""}","{""USD"":""4.43""}",,default,default,default,default,,,,manual,fixed,no,,,,,,,,0,3358,default,default,default,set,,,,,,,,,,,,,,,,,,,,
5812,variable,,"THE MYSTERY OF SPIRITUAL FATHERHOOD",1,,1,,,"Pastoral ministry and Church Growth, Spiritual Growth",https://kairosbookshop.org/wp-content/uploads/2021/12/The-Mystery-Of-Spiritual-Fatherhood-1.jpeg,,"Select Book Type","Hardcopy, Softcopy",1,1,,,,,1029,default,classic-editor,"{""USD"":""""}","{""USD"":""""}",,default,default,default,default,,,,manual,fixed,no,,,,,,,,0,6133,default,default,default,set,,,,,,,,,,7,,,,,,,,,,
5821,variable,,"UNDERSTANDING PRAYER",1,,1,,,"Prayer, Spiritual Growth",https://kairosbookshop.org/wp-content/uploads/2021/12/Understanding-Prayer-1.jpeg,,"Select Book Type","Hardcopy, Softcopy",1,1,,,,,1202,default,classic-editor,"{""USD"":""""}","{""USD"":""""}",,default,default,default,default,,,,manual,fixed,no,,,,,,,,0,4517,default,default,default,set,,,,,,,,,,,,,,,,,,,,
5823,variable,,"THE MYSTERY OF THANKSGIVING",1,,1,,,"Breakthrough, Finances/Giving",https://kairosbookshop.org/wp-content/uploads/2021/12/The-Mystery-Of-Thanksgiving-1.jpeg,,"Select Book Type","Hardcopy, Softcopy",1,1,,,,,1307,default,classic-editor,"{""USD"":""""}","{""USD"":""""}",,default,default,default,default,,,,manual,fixed,no,,,,,,,,0,7471,default,default,default,set,,,,,,,,,,,,,,,,,,,,
5828,variable,,"FASTING AND FINANCIAL BREAKTHROUGH",1,,1,,,Breakthrough,https://kairosbookshop.org/wp-content/uploads/2021/12/Fasting-And-Financial-Breakthrough-1.jpeg,,"Select Book Type","Hardcopy, Softcopy",1,1,,,,,1238,default,classic-editor,"{""USD"":""""}","{""USD"":""""}",,default,default,default,default,,,,manual,fixed,no,,,,,,,,0,3977,default,default,default,set,,,,,,,,,0,,,,,,,,,,,
5830,variable,,"PROSPERING BY THE BLESSING",1,,1,,,"Breakthrough, Finances/Giving",https://kairosbookshop.org/wp-content/uploads/2021/12/Prospering-By-The-Blessing.jpeg,,"Select Book Type","Hardcopy, Softcopy",1,1,,,,,1164,default,classic-editor,"{""USD"":""5.06""}","{""USD"":""4.43""}",,default,default,default,default,,,,manual,fixed,no,,,,,,,,0,3886,default,default,default,set,,,,,,,,,,,,,,,,,,,,
5849,variable,,"CHURCH PIONEERING IN MINISTRY",1,,1,,,"Pastoral ministry and Church Growth",https://kairosbookshop.org/wp-content/uploads/2022/03/Church-Pioneering-In-Ministry.jpeg,,"Select Book Type","Hardcopy, Softcopy",1,1,,,,,408,default,classic-editor,"{""USD"":""""}","{""USD"":""""}",,default,default,default,default,,,,manual,fixed,no,,,,,,,,0,1669,default,default,default,set,,,,,,,,,,,,,,,,,,,,
5851,variable,,"CHURCH GROWTH PRINCIPLES",1,,1,,,"Pastoral ministry and Church Growth",https://kairosbookshop.org/wp-content/uploads/2022/03/Church-Growth-Principles.jpeg,,"Select Book Type","Hardcopy, Softcopy",1,1,,,,,324,default,classic-editor,"{""USD"":""""}","{""USD"":""""}",,default,default,default,default,,,,manual,fixed,no,,,,,,,,0,893,default,default,default,set,,,,,,,,,,1,,,,,,,,,,
5858,variable,,"SATAN: THE HIDDEN ENEMY OF YOUR CHURCH",1,,1,,,"Pastoral ministry and Church Growth",https://kairosbookshop.org/wp-content/uploads/2022/03/Satan-The-Hidden-Enemy-Of-The-Church.jpeg,,"Select Book Type","Hardcopy, Softcopy",1,1,,,,,338,default,classic-editor,"{""USD"":""""}","{""USD"":""""}",,default,default,default,default,,,,manual,fixed,no,,,,,,,,0,1423,default,default,default,set,,,,,,,,,,,,,,,,,,,,
5859,variable,,"ADVANCING IN PRAYERS",1,,1,,,"Breakthrough, Deliverance, Prayer, Spiritual Growth",https://kairosbookshop.org/wp-content/uploads/2022/03/Advancing-In-Prayer.jpeg,,"Select Book Type","Hardcopy, Softcopy",1,1,,,,,393,default,classic-editor,"{""USD"":""""}","{""USD"":""""}",,default,default,default,default,,,,manual,fixed,no,,,,,,,,0,1098,default,default,default,set,,,,,,,,,,,,,,,,,,,,
5863,variable,,"UNDERSTANDING PASTORAL MINISTRY",1,,1,,,"Pastoral ministry and Church Growth",https://kairosbookshop.org/wp-content/uploads/2022/03/Understanding-Pastoral-Ministry.jpeg,,"Select Book Type","Hardcopy, Softcopy",1,1,,,,,291,redux-templates_full_width,classic-editor,"{""USD"":""""}","{""USD"":""""}",,default,default,default,default,,,,manual,fixed,no,,,,,,,,0,1817,default,default,default,set,,,,,,,,,,2,,,,,,,,,,
5870,variable,,"THE MYSTERY OF FIRST FRUITS",1,,1,,,Finances/Giving,https://kairosbookshop.org/wp-content/uploads/2022/03/The-Mystery-Of-First-Fruits.jpeg,,"Select Book Type","Hardcopy, Softcopy",1,1,,,,,163,redux-templates_full_width,classic-editor,"{""USD"":""""}","{""USD"":""""}",,default,default,default,default,,,,manual,fixed,no,,,,,,,,0,962,default,default,default,set,,,,,,,,,,,,,,,,,,,,
5876,variable,,"MANAGING CAREER, BUSINESS AND MINISTRY",1,,1,,,"Pastoral ministry and Church Growth, Personal Development, Spiritual Growth",https://kairosbookshop.org/wp-content/uploads/2022/05/Managing-Career-Business-and-Ministry.jpeg,,"Select Book Type","Hardcopy, Softcopy",1,1,,,,,807,default,classic-editor,"{""USD"":""""}","{""USD"":""""}",,default,default,default,default,,,,manual,fixed,no,,,,,,,,0,3217,default,default,default,set,,,,,,,,,,7,,,,,,,,,,
5910,variable,,"THE MYSTERY OF CROWNS AND ETERNAL REWARDS",1,,1,,,"Spiritual Growth",https://kairosbookshop.org/wp-content/uploads/2022/07/The-Mystery-Of-Crowns-and-Eternal-Rewards.jpeg,,"Select Book Type","Hardcopy, Softcopy",1,1,,,,,215,default,classic-editor,"{""USD"":""""}","{""USD"":""""}",,default,default,default,default,,,,manual,fixed,no,,,,,,,,0,2111,default,default,default,set,,,,,,,,,,,,,,,,,,,,
5912,variable,,"SERVING IN LOVE",1,,1,,,"Pastoral ministry and Church Growth",https://kairosbookshop.org/wp-content/uploads/2022/07/Serving-In-Love.jpeg,,"Select Book Type","Hardcopy, Softcopy",1,1,,,,,484,default,classic-editor,"{""USD"":""""}","{""USD"":""""}",,default,default,default,default,,,,manual,fixed,no,,,,00:00,,,,0,2071,default,default,default,set,,,,,,,,,,,,2022-07-27,,,,,,,,
5918,variable,,"THE HABIT OF BEING IN THE SPIRIT",1,,1,,,"Prayer, Spiritual Growth",https://kairosbookshop.org/wp-content/uploads/2022/07/The-Habit-Of-Being-In-The-Spirit.jpeg,,"Select Book Type","Hardcopy, Softcopy",1,1,,,,,315,default,classic-editor,"{""USD"":""""}","{""USD"":""""}",,default,default,default,default,,,,manual,fixed,no,,,,,,,,0,1645,default,default,default,set,,,,,,,,,,1,,,,,,,,,,
5924,variable,,"RETAINING THE HEALING YOU HAVE RECEIVED",1,,1,,,Healing,https://kairosbookshop.org/wp-content/uploads/2022/07/Retaining-The-Healing-You-Have-Received.jpeg,,"Select Book Type","Hardcopy, Softcopy",1,1,,,,,253,default,classic-editor,"{""USD"":""""}","{""USD"":""""}",,default,default,default,default,,,,manual,fixed,no,,,,00:00,,,,0,1465,default,default,default,set,,,,,,,,,,,,2022-07-26,,,,,,,,
5971,variable,,"SUPERNATURAL PROSPERITY",1,,1,,,"Breakthrough, Finances/Giving",https://kairosbookshop.org/wp-content/uploads/2023/01/Supernatural-Prosperity-1.jpeg,,"Select Book Type","Hardcopy, Softcopy",1,1,,,,,29,default,classic-editor,"{""USD"":""5.06""}","{""USD"":""4.43""}",,default,default,default,default,,,,manual,fixed,no,,,,,,,,0,688,default,default,default,set,,,,,,,,,,,,,"<iframe title=""THE WHOLE ARMOUR OF GOD FULL CLIP"" width=""500"" height=""281"" src=""https://www.youtube.com/embed/EzbWyxbdVKY?feature=oembed"" frameborder=""0"" allow=""accelerometer; autoplay; clipboard-write; encrypted-media; gyroscope; picture-in-picture; web-share"" referrerpolicy=""strict-origin-when-cross-origin"" allowfullscreen></iframe>",1737108881,"<iframe title=""VICTORY OVER THE SPIRIT OF FEAR, ANXIETY &amp; CONFUSSION"" width=""500"" height=""281"" src=""https://www.youtube.com/embed/F41Ypxh2vUY?feature=oembed"" frameborder=""0"" allow=""accelerometer; autoplay; clipboard-write; encrypted-media; gyroscope; picture-in-picture; web-share"" referrerpolicy=""strict-origin-when-cross-origin"" allowfullscreen></iframe>",1737108881,,,,
5985,variable,,"GOD WANTS YOU TO PROSPER",1,,1,,,"Breakthrough, Finances/Giving",https://kairosbookshop.org/wp-content/uploads/2023/02/God-Wants-You-To-Prosper-1.jpeg,,available,"you can get the soft copay on isaiahwealthestore",1,0,,,,,65,default,classic-editor,"{""USD"":""5.06""}","{""USD"":""4.43""}",,default,default,default,default,,,,manual,fixed,no,,,,,,,,0,1656,default,default,default,set,,,,,,,,,,,,,,,,,"Select Book Type","Hardcopy, Softcopy",1,1
6294,variable,,"ENGAGING SPIRITUAL PRAYERS",1,,1,,,"Prayer, Spiritual Growth",https://kairosbookshop.org/wp-content/uploads/2023/10/Engaging-In-Spiritual-Prayers.jpeg,,"Select Book Type","Hardcopy, Softcopy",1,1,,,,,,default,classic-editor,"{""USD"":""5.06""}","{""USD"":""4.43""}",,default,default,default,default,,,,manual,fixed,no,,,,,,,,0,2560,default,default,default,set,,,,,,,,,,,,,,,,,,,,
6305,variable,,"ACCESSING THE HIDDEN POWERS OF HEAVEN",1,,1,,,"Prayer, Spiritual Growth",https://kairosbookshop.org/wp-content/uploads/2023/10/Accessing-The-Hidden-Powers-Of-Heaven.jpeg,,"Select Book Type","Hardcopy, Softcopy",1,1,,,,,,default,classic-editor,"{""USD"":""5.06""}","{""USD"":""4.43""}",,default,default,default,default,,,,manual,fixed,no,,,,,,,,0,1874,default,default,default,set,,,,,,,,,,,,,,,,,,,,
6307,variable,,"UNLOCKING YOUR DESTINY FROM THE COURT OF HEAVEN",1,,1,,,"Breakthrough, Deliverance, Prayer",https://kairosbookshop.org/wp-content/uploads/2023/10/Unlocking-Your-Destiny-From-The-Court-Of-Heaven.jpeg,,"Select Book Type","Hardcopy, Softcopy",1,1,,,,,,default,classic-editor,"{""USD"":""5.06""}","{""USD"":""4.43""}",,default,default,default,default,,,,manual,fixed,no,,,,,,,,0,741,default,default,default,set,,,,,,,,,,,,,,,,,,,,
6310,simple,,"COURTFARE OR WARFARE",1,,1,5000,6000,"Deliverance, Prayer, Spiritual Warfare",https://kairosbookshop.org/wp-content/uploads/2023/10/Courtfare-Or-Warfare.jpeg,,,,,,,,,,,default,classic-editor,"{""USD"":""5.06""}","{""USD"":""4.43""}",,default,default,default,default,,,,manual,fixed,no,,,,,,,,0,565,default,default,default,set,,,,,,,,,,,,,,,,,,,,
6312,variable,,"WHY WE GO TO CHURCH",1,,1,,,"Pastoral ministry and Church Growth",https://kairosbookshop.org/wp-content/uploads/2023/10/Why-We-Go-To-Church.jpeg,,"Select Book Type","Hardcopy, Softcopy",1,1,,,,,,default,classic-editor,"{""USD"":""5.06""}","{""USD"":""4.43""}",,default,default,default,default,,,,manual,fixed,no,,,,,,,,0,713,default,default,default,set,,,,,,,,,,,,,,,,,,,,
6317,"simple, downloadable, virtual",,"RECEIVING HEALING FROM GOD",1,,1,,5000,Healing,https://kairosbookshop.org/wp-content/uploads/2023/10/Receiving-Healing-From-God.jpeg,,,,,,,,,,,default,classic-editor,"{""USD"":""""}",,,default,default,default,default,,,,manual,fixed,no,,,,,,,,0,596,default,default,default,set,,,,,,,,,,,,,,,,,,,,
6322,variable,,"DISARMING THE DEVIL IN PRAYER",1,,1,,,"Prayer, Spiritual Growth",https://kairosbookshop.org/wp-content/uploads/2023/10/Disarming-The-Devil-In-Prayer.jpeg,,"Select Book Type","Hardcopy, Softcopy",1,1,,,,,,default,classic-editor,"{""USD"":""5.06""}","{""USD"":""4.43""}",,default,default,default,default,,,,manual,fixed,no,,,,,,,,0,1010,default,default,default,set,,,,,,,,,,,,,,,,,,,,
6324,variable,,"THE ANOINTING FOR LAY MINISTRY",1,,1,,,"Pastoral ministry and Church Growth",https://kairosbookshop.org/wp-content/uploads/2023/10/The-Anointing-For-Lay-Ministry.jpeg,,"Select Book Type","Hardcopy, Softcopy",1,1,,,,,,default,classic-editor,"{""USD"":""5.06"",""GHS"":""""}","{""USD"":""4.43"",""GHS"":""""}",,default,default,default,default,,,,manual,fixed,no,,,,,,,,0,722,default,default,default,set,,,,,,,,,0,2,,,,,,,,,,
6327,variable,,"GROWING CHURCH SPIRITUALLY",1,,1,,,"Pastoral ministry and Church Growth",https://kairosbookshop.org/wp-content/uploads/2023/10/Growing-Church-Spiritually.jpeg,,"Select Book Type","Hardcopy, Softcopy",1,1,,,,,,default,classic-editor,"{""USD"":""5.06""}","{""USD"":""4.43""}",,default,default,default,default,,,,manual,fixed,no,,,,,,,,0,2412,default,default,default,set,,,,,,,,,,5,,,,,,,,,,
6329,variable,,"THE PRACTICE OF LAY MINISTRY",1,,1,,,"Pastoral ministry and Church Growth",https://kairosbookshop.org/wp-content/uploads/2023/10/The-Practice-Of-Lay-Ministry.jpeg,,"Select Book Type","Hardcopy, Softcopy",1,1,,,,,,default,classic-editor,"{""USD"":""5.06"",""GHS"":""""}","{""USD"":""4.43"",""GHS"":""""}",,default,default,default,default,,,,manual,fixed,no,,,,,,,,0,677,default,default,default,set,,,,,,,,,,3,,,,,,,,,,
6331,variable,,"THE CONSCIOUSNESS OF LAY MINISTRY",1,,1,,,"Pastoral ministry and Church Growth",https://kairosbookshop.org/wp-content/uploads/2023/10/The-Consciousness-Of-Lay-Ministry.jpeg,,"Select Book Type","Hardcopy, Softcopy",1,1,,,,,,default,classic-editor,"{""USD"":""5.06""}","{""USD"":""4.43""}",,default,default,default,default,,,,manual,fixed,no,,,,,,,,0,694,default,default,default,set,,,,,,,,,,,,,,,,,,,,
6352,variable,,"LEADERSHIP IN LAY MINISTRY",1,,1,,,"Pastoral ministry and Church Growth",https://kairosbookshop.org/wp-content/uploads/2023/10/Leadership-In-Lay-Ministry.jpeg,,"Select Book Type","Hardcopy, Softcopy",1,1,,,,,,default,classic-editor,"{""USD"":""5.06"",""GHS"":""""}","{""USD"":""4.43"",""GHS"":""""}",,default,default,default,default,,,,manual,fixed,no,,,,,,,,0,639,default,default,default,set,,,,,,,,,,,,,,,,,,,,
6418,variable,,"VICTORY OVER THE SPIRIT OF FEAR, ANXIETY AND CONFUSION",1,,1,,,"Deliverance, Prayer, Spiritual Growth",https://kairosbookshop.org/wp-content/uploads/2023/11/Victory-Over-The-Spirirt-Of-Fear-Anxiety-and-Confusion.jpeg,,"Select Book Type","Hardcopy, Softcopy",1,1,,,,,,default,classic-editor,"{""USD"":""""}","{""USD"":""""}",,default,default,default,default,,,,manual,fixed,no,,,,,,,,0,748,default,default,default,set,,,,,,,,,,,,,,,,,,,,,#post_title,"How to Overcome the Spirit of Fear, Anxiety, and Confusion
Through this book, God is placing in your hands fail-proof strategies to secure total victory",#post_title,"How to Overcome the Spirit of Fear, Anxiety, and Confusion
Through this book, God is placing in your hands fail-proof strategies to secure total victory",#post_title,"How to Overcome the Spirit of Fear, Anxiety, and Confusion
Through this book, God is placing in your hands fail-proof strategies to secure total victory",,,,,,,,,,,,,,
6424,variable,,"PRAYER – STUDY COURSE SERIES",1,,1,,,"Prayer, Spiritual Growth",https://kairosbookshop.org/wp-content/uploads/2023/11/PRAYER-Study-Course-Series.jpeg,,"Select Book Type","Hardcopy, Softcopy",1,1,,,,,,default,classic-editor,"{""USD"":""23.81""}","{""USD"":""17.86""}",,default,default,default,default,,,,manual,fixed,no,,,,,,,,0,622,default,default,default,set,,,,,,,,,,,,,,,,,,,,,,,,,,,,,,,,,,,,,,,,
6432,variable,,"FAITH – STUDY COURSE SERIES",1,,1,,,"Faith, VGS Week Three 2025",https://kairosbookshop.org/wp-content/uploads/2023/11/FAITH-Study-Course-Series.jpeg,,"Select Book Type","Hardcopy, Softcopy",1,1,,,,,,default,classic-editor,"{""USD"":""""}","{""USD"":""""}",,default,default,default,default,,,,manual,fixed,no,,,,,,,,0,773,default,default,default,set,,,,,,,,,,,,,,,,,,,,,,,,,,,,,,,,,,,,,,,,
6434,variable,,"CHURCH GROWTH, CHURCH FINANCES AND PASTORAL MINISTRY",1,,1,,,"Pastoral ministry and Church Growth",https://kairosbookshop.org/wp-content/uploads/2023/11/Church-Growth-Church-Finances-and-Pastoral-Ministry.jpeg,,"Select Book Type","Hardcopy, Softcopy",1,1,,,,,,default,classic-editor,"{""USD"":""""}","{""USD"":""""}",,default,default,default,default,,,,manual,fixed,no,,,,,,,,0,705,default,default,default,set,,,,,,,,,,,,,,,,,,,,,,,,,,,,,,,,,,,,,,,,
6436,variable,,"THE MYSTERY OF ALTARS",1,,1,,,"Prayer, Spiritual Warfare",https://kairosbookshop.org/wp-content/uploads/2023/11/Mystery-Of-Altars.jpeg,,"Select Book Type","Hardcopy, Softcopy",1,1,,,,,,default,classic-editor,"{""USD"":""17.86""}","{""USD"":""14.29""}",,default,default,default,default,,,,manual,fixed,no,,,,,,,,0,1153,default,default,default,set,,,,,,,,,,2,,,,,,,,,,,,,,,,,,,,,,,,,,,,,,
6439,variable,,"THE GOD KIND OF PROPSERITY",1,,1,,,"Finances/Giving, Personal Development, Prosperity",https://kairosbookshop.org/wp-content/uploads/2023/11/The-God-Kind-Of-Prosperity.jpeg,,"Select Book Type","Hardcopy, Softcopy",1,1,,,,,,default,classic-editor,"{""USD"":""15.48""}","{""USD"":""14.29""}",,default,default,default,default,,,,manual,fixed,no,,,,,,,,0,564,default,default,default,set,,,,,,,,,,,,,,,,,,,,,,,,,,,,,,,,,,,,,,,,
6442,variable,,"HOW TO RECEIVE, RETAIN AND RELEASE HEALING MIRACLES",1,,1,,,Healing,https://kairosbookshop.org/wp-content/uploads/2023/11/Healing-Miracles.jpeg,,"Select Book Type","Hardcopy, Softcopy",1,1,,,,,,default,classic-editor,"{""USD"":""13.09"",""GHS"":""""}","{""USD"":""11.90"",""GHS"":""""}",,default,default,default,default,,,,manual,fixed,no,,,,,,,,0,513,default,default,default,set,,,,,,,,,,,,,,,,,,,,,,,,,,,,,,,,,,,,,,,,
6489,variable,,"PRAYING THROUGH THE PSALMS",1,,1,,,"Prayer, Spiritual Growth",https://kairosbookshop.org/wp-content/uploads/2023/12/Praying-Through-The-Psalms.jpeg,,"Select Book Type","Hardcopy, Softcopy",1,1,,,,,,default,classic-editor,"{""USD"":""6.66""}","{""USD"":""5.55""}",,default,default,default,default,,,,manual,fixed,no,,,,,,,,0,849,default,default,default,set,,,,,,,,,,,,,,,,,,,,,,,,,,,,,,,,,,,,,,,,
6547,variable,,"REDEEMING YOUR LINEAGE FROM THE COURTS OF HEAVEN",1,,1,,,"Deliverance, Prayer, Spiritual Warfare",https://kairosbookshop.org/wp-content/uploads/2024/09/Redeeming-Your-Lineage-From-The-Court-Of-Heaven.jpeg,,"Select Book Type","Hardcopy, Softcopy",1,1,,,,,,default,classic-editor,"{""USD"":""""}","{""USD"":""""}",,default,default,default,default,,,,manual,fixed,no,,,,,,,,0,636,default,default,default,set,,,,,,,,,,1,,,,,,,,,,,,,,,,,,,,,,,,,,,,,,
6560,variation,,,1,,1,,,,,,,,,,,,,,,,,,,,,,,,,,,,,,,,,,,,,,,,,,,,,,,,,,,,,,,,,,,,,,,,,,,,,,,,,,,,,,,,,,
6561,variation,,,1,,1,,,,,,,,,,,,,,,,,,,,,,,,,,,,,,,,,,,,,,,,,,,,,,,,,,,,,,,,,,,,,,,,,,,,,,,,,,,,,,,,,,
6562,variation,,"REDEEMING YOUR LINEAGE FROM THE COURTS OF HEAVEN - Hardcopy",1,,1,,5000,,,,"Select Book Type",Hardcopy,,1,,,,,,,,"{""USD"":""""}",,,,,,,,,,,,,,,,,,,,,,,,,,,,,,,,,,,,,,,,,,,,,,,,,,,,,,,,,,,,,,,,,
6563,"variation, downloadable, virtual",,"REDEEMING YOUR LINEAGE FROM THE COURTS OF HEAVEN - Softcopy",1,,1,,3500,,,,"Select Book Type",Softcopy,,1,,,,,,,,"{""USD"":""""}",,,,,,,,,,,,,,,,,,,,,,,,,,,,,,,,,,,,,,,,,,,,,,,,,,,,,f2462b78-f33f-4477-8cf6-b4d77990107d,"Redeeming Your Lineage from the Court of Heaven",https://kairosbookshop.org/wp-content/uploads/woocommerce_uploads/2024/09/Redeeming-Your-Lineage-from-the-Court-of-Heaven-Isaiah-Michael-Wealth-bchpcd.pdf,,,,,,manual,fixed,,,no
6575,variation,,"PRAYING THROUGH THE PSALMS - Hardcopy",1,,1,,5000,,,,"Select Book Type",Hardcopy,,1,,,,,,,,"{""USD"":""""}",,,,,,,,,,,,,,,,,,,,,,,,,,,,,,,,,,,,,,,,,,,,,,,,,,,,,,,,,,,,,,,,,
6576,"variation, downloadable, virtual",,"PRAYING THROUGH THE PSALMS - Softcopy",1,,1,,3500,,,,"Select Book Type",Softcopy,,1,,,,,,,,"{""USD"":""""}",,,,,,,,,,,,,,,,,,,,,,,,,,,,,,,,,,,,,,,,,,,,,,,,,,,,,435db3e1-957a-49e8-b941-d570fb93db56,"Praying Through The Psalms",https://kairosbookshop.org/wp-content/uploads/woocommerce_uploads/2023/12/Praying-through-the-psalms-5zfcti.pdf,,,,,,,,,,
6579,variation,,"THE GOD KIND OF PROPSERITY - Hardcopy",1,,1,,15000,,,,"Select Book Type",Hardcopy,,1,,,,,,,,"{""USD"":""""}",,,,,,,,,,,,,,,,,,,,,,,,,,,,,,,,,,,,,,,,,,,,,,,,,,,,,,,,,,,,,,,,,
6580,"variation, downloadable, virtual",,"THE GOD KIND OF PROPSERITY - Softcopy",1,,1,,13000,,,,"Select Book Type",Softcopy,,1,,,,,,,,"{""USD"":""""}",,,,,,,,,,,,,,,,,,,,,,,,,,,,,,,,,,,,,,,,,,,,,,,,,,,,,6ea2b8a6-5913-4e46-b947-8bc4eb9de19f,"THE GOD KIND OF PROSPERITY",https://kairosbookshop.org/wp-content/uploads/woocommerce_uploads/2023/11/The-God-Kind-of-Prosperity-by-Dr.-Isaaiah-Wealth-81qr7n.pdf,,,,,,,,,,
6586,variation,,"THE MYSTERY OF ALTARS - Hardcopy",1,,1,,15000,,,,"Select Book Type",Hardcopy,,1,,,,,,,,"{""USD"":""""}",,,,,,,,,,,,,,,,,,,,,,,,,,,,,,,,,,,,,,,,,,,,,,,,,,,,,,,,,,,,,,,,,
6587,"variation, downloadable, virtual",,"THE MYSTERY OF ALTARS - Softcopy",1,,1,,13000,,,,"Select Book Type",Softcopy,,1,,,,,,,,"{""USD"":""""}",,,,,,,,,,,,,,,,,,,,,,,,,,,,,,,,,,,,,,,,,,,,,,,,,,,,,,,,,,,,,,,,,
6589,variable,,"BORN TO SET NEW RECORDS",1,,1,,,"Breakthrough, VGS Week Two 2025",https://kairosbookshop.org/wp-content/uploads/2024/10/Born-To-Set-New-Records.jpeg,,"Select Book Type","Hardcopy, Softcopy",1,1,,,,,,default,,,,,default,default,default,default,,,,manual,fixed,no,,,,,,,,0,2123,default,default,default,set,,,,,,,,,,,,,,,,,,,,,,,,,,,,,,,,,,,,,,,,
6590,variation,,"BORN TO SET NEW RECORDS - Hardcopy",1,,1,,5000,,,,"Select Book Type",Hardcopy,,1,,,,,,,,"{""USD"":""""}",,,,,,,,,,,,,,,,,,,,,,,,,,,,,,,,,,,,,,,,,,,,,,,,,,,,,,,,,,,,,,,,,
6591,"variation, downloadable, virtual",,"BORN TO SET NEW RECORDS - Softcopy",1,,1,,3500,,,,"Select Book Type",Softcopy,,1,,,,,,,,"{""USD"":""""}",,,,,,,,,,,,,,,,,,,,,,,,,,,,,,,,,,,,,,,,,,,,,,,,,,,,,16f8408c-0210-4c5d-8f8d-ae09ffe4cb4d,"Born To Set New Records",https://kairosbookshop.org/wp-content/uploads/woocommerce_uploads/2023/12/BORN-TO-SET-NEW-RECORDS-Dr.-Isaiah-Wealth-qgtxsm.pdf,,,,,,,,,,
6593,variation,,"CHURCH GROWTH, CHURCH FINANCES AND PASTORAL MINISTRY - Hardcopy",1,,1,,17000,,,,"Select Book Type",Hardcopy,,1,,,,,,,,"{""USD"":""""}",,,,,,,,,,,,,,,,,,,,,,,,,,,,,,,,,,,,,,,,,,,,,,,,,,,,,,,,,,,,,,,,,
6594,"variation, downloadable, virtual",,"CHURCH GROWTH, CHURCH FINANCES AND PASTORAL MINISTRY - Softcopy",1,,1,,13000,,,,"Select Book Type",Softcopy,,1,,,,,,,,"{""USD"":""""}",,,,,,,,,,,,,,,,,,,,,,,,,,,,,,,,,,,,,,,,,,,,,,,,,,,,,c29d4dc5-0116-4c6f-810f-229940681abd,"CHURCH GROWTH, CHURCH FINANCES AND PASTORAL MINISTRY.",https://kairosbookshop.org/wp-content/uploads/woocommerce_uploads/2023/11/Church-Growth-Church-Finances-Pastoral-Ministry-Dr.-Isaiah-Wealth-nyj3ue.pdf,,,,,,,,,,
6595,variation,,"GROWING CHURCH SPIRITUALLY - Hardcopy",1,,1,,5000,,,,"Select Book Type",Hardcopy,,1,,,,,,,,"{""USD"":""""}",,,,,,,,,,,,,,,,,,,,,,,,,,,,,,,,,,,,,,,,,,,,,,,,,,,,,,,,,,,,,,,,,
6596,"variation, downloadable, virtual",,"GROWING CHURCH SPIRITUALLY - Softcopy",1,,1,,3500,,,,"Select Book Type",Softcopy,,1,,,,,,,,"{""USD"":""""}",,,,,,,,,,,,,,,,,,,,,,,,,,,,,,,,,,,,,,,,,,,,,,,,,,,,,7e9ba353-3aca-48d0-8335-aac3b9f32f75,"GROWING CHURCH SPIRITUALLY",https://kairosbookshop.org/wp-content/uploads/woocommerce_uploads/2023/10/Growing-Church-Spiritually-Isaiah-Michael-Wealth-Amazon-kuvdwd.pdf,,,,,,,,,,
6598,variation,,"PRAYER – STUDY COURSE SERIES - Hardcopy",1,,1,,15000,,,,"Select Book Type",Hardcopy,,1,,,,,,,,"{""USD"":""""}",,,,,,,,,,,,,,,,,,,,,,,,,,,,,,,,,,,,,,,,,,,,,,,,,,,,,,,,,,,,,,,,,
6599,"variation, downloadable, virtual",,"PRAYER – STUDY COURSE SERIES - Softcopy",1,,1,,13000,,,,"Select Book Type",Softcopy,,1,,,,,,,,"{""USD"":""""}",,,,,,,,,,,,,,,,,,,,,,,,,,,,,,,,,,,,,,,,,,,,,,,,,,,,,7a6811f1-55fe-4e34-a530-20e0f0450511,"PRAYER STUDY COURSE SERIES",https://kairosbookshop.org/wp-content/uploads/woocommerce_uploads/2023/11/Prayer-Study-Course-Embeded-sxkm6n.pdf,,,,,,,,,,
6601,variation,,"FAITH – STUDY COURSE SERIES - Hardcopy",1,,1,,15000,,https://kairosbookshop.org/wp-content/uploads/2023/11/FAITH-Study-Course-Series.jpeg,,"Select Book Type",Hardcopy,,1,,,,,,,,"{""USD"":""""}",,,,,,,,,,,,,,,,,,,,,,,,,,,,,,,,,,,,,,,,,,,,,,,,,,,,,,,,,,,,,manual,fixed,,,no
6602,variation,,"FAITH – STUDY COURSE SERIES - Softcopy",1,,1,,13000,,https://kairosbookshop.org/wp-content/uploads/2023/11/FAITH-Study-Course-Series.jpeg,,"Select Book Type",Softcopy,,1,,,,,,,,"{""USD"":""""}",,,,,,,,,,,,,,,,,,,,,,,,,,,,,,,,,,,,,,,,,,,,,,,,,,,,,,,,,,,,,manual,fixed,,,no
6607,variation,,"ENGAGING SPIRITUAL PRAYERS - Hardcopy",1,,1,,5000,,,,"Select Book Type",Hardcopy,,1,,,,,,,,"{""USD"":""""}",,,,,,,,,,,,,,,,,,,,,,,,,,,,,,,,,,,,,,,,,,,,,,,,,,,,,,,,,,,,,,,,,
6608,"variation, downloadable, virtual",,"ENGAGING SPIRITUAL PRAYERS - Softcopy",1,,1,,3500,,,,"Select Book Type",Softcopy,,1,,,,,,,,"{""USD"":""""}",,,,,,,,,,,,,,,,,,,,,,,,,,,,,,,,,,,,,,,,,,,,,,,,,,,,,7f400382-f998-4894-9971-32dd143aa48d,"Engagaing Spiritual Prayers",https://kairosbookshop.org/wp-content/uploads/woocommerce_uploads/2023/10/ENGAGING-SPIRITUAL-PRAYERS-Dr-Isaiah-Wealth-o7mzmt.pdf,,,,,,,,,,
6611,variation,,"GOD WANTS YOU TO PROSPER - Hardcopy",1,,1,,5000,,,,"Select Book Type",Hardcopy,,1,,,,,,,,"{""USD"":""""}",,,,,,,,,,,,,,,,,,,,,,,,,,,,,,,,,,,,,,,,,,,,,,,,,,,,,,,,,,,,,,,,,
6612,"variation, downloadable, virtual",,"GOD WANTS YOU TO PROSPER - Softcopy",1,,1,,3500,,,,"Select Book Type",Softcopy,,1,,,,,,,,"{""USD"":""""}",,,,,,,,,,,,,,,,,,,,,,,,,,,,,,,,,,,,,,,,,,,,,,,,,,,,,676cf7bd-3ef8-4b12-96d5-29cd20ab2da2,"God Wants You To Prosper",https://kairosbookshop.org/wp-content/uploads/woocommerce_uploads/2023/02/GOD-WANTS-YOU-TO-PROSPER-4imqdd.pdf,,,,,,,,,,
6613,variation,,"DISARMING THE DEVIL IN PRAYER - Hardcopy",1,,1,,5000,,,,"Select Book Type",Hardcopy,,1,,,,,,,,"{""USD"":""""}",,,,,,,,,,,,,,,,,,,,,,,,,,,,,,,,,,,,,,,,,,,,,,,,,,,,,,,,,,,,,,,,,
6614,"variation, downloadable, virtual",,"DISARMING THE DEVIL IN PRAYER - Softcopy",1,,1,,3500,,,,"Select Book Type",Softcopy,,1,,,,,,,,"{""USD"":""""}",,,,,,,,,,,,,,,,,,,,,,,,,,,,,,,,,,,,,,,,,,,,,,,,,,,,,fd4bfb56-7b68-497a-a2f1-5f9fd6ba8579,"DISARMING THE DEVIL IN PRAYER",https://kairosbookshop.org/wp-content/uploads/woocommerce_uploads/2023/10/Disarming-The-Devil-In-Prayers-uppxop.pdf,,,,,,,,,,
6617,variation,,"SUPERNATURAL PROSPERITY - Hardcopy",1,,1,,5000,,,,"Select Book Type",Hardcopy,,1,,,,,,,,"{""USD"":""""}",,,,,,,,,,,,,,,,,,,,,,,,,,,,,,,,,,,,,,,,,,,,,,,,,,,,,,,,,,,,,,,,,
6618,"variation, downloadable, virtual",,"SUPERNATURAL PROSPERITY - Softcopy",1,,1,,3500,,,,"Select Book Type",Softcopy,,1,,,,,,,,"{""USD"":""""}",,,,,,,,,,,,,,,,,,,,,,,,,,,,,,,,,,,,,,,,,,,,,,,,,,,,,f0ad4dcb-133a-4f9d-ab83-1fd2b73ce888,"SUPERNATURAL PROSPERITY",https://kairosbookshop.org/wp-content/uploads/woocommerce_uploads/2023/01/Supernatural-Prosperity-Isaiah-Michael-Wealth-elqrjv.pdf,,,,,,,,,,
6621,variation,,"YOUR MIND, YOUR PROSPERITY - Hardcopy",1,,1,,5000,,,,"Select Book Type",Hardcopy,,1,,,,,,,,"{""USD"":""""}",,,,,,,,,,,,,,,,,,,,,,,,,,,,,,,,,,,,,,,,,,,,,,,,,,,,,,,,,,,,,,,,,
6622,"variation, downloadable, virtual",,"YOUR MIND, YOUR PROSPERITY - Softcopy",1,,1,,3500,,,,"Select Book Type",Softcopy,,1,,,,,,,,"{""USD"":""""}",,,,,,,,,,,,,,,,,,,,,,,,,,,,,,,,,,,,,,,,,,,,,,,,,,,,,65303f61-4480-4771-88b5-1e01105229b5,"YOUR MIND, YOUR PROSPERITY",https://kairosbookshop.org/wp-content/uploads/woocommerce_uploads/2021/12/Your_mind_Your_Prosperity-hvglfw.pdf,,,,,,,,,,
6624,variation,,"THE GEOGRAPHY OF PROSPERITY - Hardcopy",1,,1,,5000,,,,"Select Book Type",Hardcopy,,1,,,,,,,,"{""USD"":""""}",,,,,,,,,,,,,,,,,,,,,,,,,,,,,,,,,,,,,,,,,,,,,,,,,,,,,,,,,,,,,,,,,
6625,"variation, downloadable, virtual",,"THE GEOGRAPHY OF PROSPERITY - Softcopy",1,,1,,3500,,,,"Select Book Type",Softcopy,,1,,,,,,,,"{""USD"":""""}",,,,,,,,,,,,,,,,,,,,,,,,,,,,,,,,,,,,,,,,,,,,,,,,,,,,,533d3228-cb94-493f-a2d9-8a3397935434,"The Geography Of Prosperity",https://kairosbookshop.org/wp-content/uploads/woocommerce_uploads/2021/12/The-Geography-of-Prosperity-k8kxah.pdf,,,,,,,,,,
6629,variation,,"COURTFARE – ADVANCED PRAYER SERIES - Hardcopy",1,,0,,,,,,"Select Book Type",Hardcopy,,1,,,,,,,,"{""USD"":""""}",,,,,,,,,,,,,,,,,,,,,,,,,,,,,,,,,,,,,,,,,,,,,,,,,,,,,,,,,,,,,,,,,
6630,"variation, downloadable, virtual",,"COURTFARE – ADVANCED PRAYER SERIES - Softcopy",1,,1,,13000,,,,"Select Book Type",Softcopy,,1,,,,,,,,"{""USD"":""""}",,,,,,,,,,,,,,,,,,,,,,,,,,,,,,,,,,,,,,,,,,,,,,,,,,,,,e5e78534-fb47-4769-9e0e-2cfde6cc4264,"COURTFARE -ADVANCED PRAYER SERIES",https://kairosbookshop.org/wp-content/uploads/woocommerce_uploads/2021/11/Advance-Prayer-Series-64mc27.pdf,,,,,,,,,,
6632,variation,,"THE MINISTRY OF PRAYER - Hardcopy",1,,1,,5000,,,,"Select Book Type",Hardcopy,,1,,,,,,,,"{""USD"":""""}",,,,,,,,,,,,,,,,,,,,,,,,,,,,,,,,,,,,,,,,,,,,,,,,,,,,,,,,,,,,,,,,,
6633,"variation, downloadable, virtual",,"THE MINISTRY OF PRAYER - Softcopy",1,,1,,3500,,,,"Select Book Type",Softcopy,,1,,,,,,,,"{""USD"":""""}",,,,,,,,,,,,,,,,,,,,,,,,,,,,,,,,,,,,,,,,,,,,,,,,,,,,,e86351a7-f7f3-4836-89e0-ab728cbaaa15,"The Ministry Of Prayer",https://kairosbookshop.org/wp-content/uploads/woocommerce_uploads/2021/11/The_Ministry_of_Prayer-ra8etj.pdf,,,,,,,,,,
6634,variation,,"REDISCOVERING FELLOWSHIP AND DEVOTION - Hardcopy",1,,1,,5000,,,,"Select Book Type",Hardcopy,,1,,,,,,,,"{""USD"":""""}",,,,,,,,,,,,,,,,,,,,,,,,,,,,,,,,,,,,,,,,,,,,,,,,,,,,,,,,,,,,,,,,,
6635,"variation, downloadable, virtual",,"REDISCOVERING FELLOWSHIP AND DEVOTION - Softcopy",1,,1,,3500,,,,"Select Book Type",Softcopy,,1,,,,,,,,"{""USD"":""""}",,,,,,,,,,,,,,,,,,,,,,,,,,,,,,,,,,,,,,,,,,,,,,,,,,,,,647556d9-9494-4fd2-a4ad-03cfb70a064b,"Rediscovering Fellowship and Devotion",https://kairosbookshop.org/wp-content/uploads/woocommerce_uploads/2021/05/REDISCOVERING_FELLOWSHIP_AND_DEVOTION-uvhigl.pdf,,,,,,,,,,
6640,variation,,"OBTAINING A CHANGE OF GARMENT FROM THE COURT OF HEAVEN - Hardcopy",1,,1,,5000,,,,"Select Book Type",Hardcopy,,1,,,,,,,,"{""USD"":""""}",,,,,,,,,,,,,,,,,,,,,,,,,,,,,,,,,,,,,,,,,,,,,,,,,,,,,,,,,,,,,,,,,
6641,"variation, downloadable, virtual",,"OBTAINING A CHANGE OF GARMENT FROM THE COURT OF HEAVEN - Softcopy",1,,1,,3500,,,,"Select Book Type",Softcopy,,1,,,,,,,,"{""USD"":""""}",,,,,,,,,,,,,,,,,,,,,,,,,,,,,,,,,,,,,,,,,,,,,,,,,,,,,541e2ef8-a33c-4aa9-908a-f94272b31c69,"Obtaining a Change of Garment from the Court of Heaven",https://kairosbookshop.org/wp-content/uploads/woocommerce_uploads/2021/02/Obtaining-a-Change-of-Garments-from-the-Court-of-Heaven-Isaiah-Michael-Wealth-Print-m7qdqq.pdf,,,,,,,,,,
6642,variation,,"HOW TO RELEASE THE HEALING POWER OF GOD - Hardcopy",1,,1,,5000,,,,"Select Book Type",Hardcopy,,1,,,,,,,,"{""USD"":""""}",,,,,,,,,,,,,,,,,,,,,,,,,,,,,,,,,,,,,,,,,,,,,,,,,,,,,,,,,,,,,,,,,
6643,"variation, downloadable, virtual",,"HOW TO RELEASE THE HEALING POWER OF GOD - Softcopy",1,,1,,3500,,,,"Select Book Type",Softcopy,,1,,,,,,,,"{""USD"":""""}",,,,,,,,,,,,,,,,,,,,,,,,,,,,,,,,,,,,,,,,,,,,,,,,,,,,,793d4a49-0555-411e-89d2-66236edb614d,"How To Release The Healing Power of God",https://kairosbookshop.org/wp-content/uploads/woocommerce_uploads/2021/05/HOW_TO_RELEASE_THE_HEALING_POWER_OF_GOD-tpcpig.pdf,,,,,,,,,,
6646,variation,,"GROWING A NEW CHURCH - Hardcopy",1,,1,,5000,,,,"Select Book Type",Hardcopy,,1,,,,,,,,"{""USD"":""""}",,,,,,,,,,,,,,,,,,,,,,,,,,,,,,,,,,,,,,,,,,,,,,,,,,,,,,,,,,,,,,,,,
6647,"variation, downloadable, virtual",,"GROWING A NEW CHURCH - Softcopy",1,,1,,3500,,,,"Select Book Type",Softcopy,,1,,,,,,,,"{""USD"":""""}",,,,,,,,,,,,,,,,,,,,,,,,,,,,,,,,,,,,,,,,,,,,,,,,,,,,,3d90d5a8-3d17-420a-99ac-c9c349011950,"GROWING A NEW CHURCH",https://kairosbookshop.org/wp-content/uploads/woocommerce_uploads/2021/05/Book-17-Growing-A-New-Church-Amazon-1-nvyjcv.pdf,,,,,,,,,,
6651,variation,,"WITNESSING – STUDY COURSE SERIES - Hardcopy",1,,1,,15000,,,,"Select Book Type",Hardcopy,,1,,,,,,,,"{""USD"":""""}",,,,,,,,,,,,,,,,,,,,,,,,,,,,,,,,,,,,,,,,,,,,,,,,,,,,,,,,,,,,,manual,fixed,,,no
6652,variation,,"WITNESSING – STUDY COURSE SERIES - Softcopy",1,,1,,13000,,,,"Select Book Type",Softcopy,,1,,,,,,,,"{""USD"":""""}",,,,,,,,,,,,,,,,,,,,,,,,,,,,,,,,,,,,,,,,,,,,,,,,,,,,,,,,,,,,,manual,fixed,,,no
6657,variation,,"BURNING FOR THE LORD - Hardcopy",1,,1,,5000,,,,"Select Book Type",Hardcopy,,1,,,,,,,,"{""USD"":""""}",,,,,,,,,,,,,,,,,,,,,,,,,,,,,,,,,,,,,,,,,,,,,,,,,,,,,,,,,,,,,,,,,
6658,"variation, downloadable, virtual",,"BURNING FOR THE LORD - Softcopy",1,,1,,3500,,,,"Select Book Type",Softcopy,,1,,,,,,,,"{""USD"":""""}",,,,,,,,,,,,,,,,,,,,,,,,,,,,,,,,,,,,,,,,,,,,,,,,,,,,,cdb67f89-9205-4f00-b03a-dbcb7f53bee7,"Burning For The Lord",https://kairosbookshop.org/wp-content/uploads/woocommerce_uploads/2021/11/Burning_for_the_Lord-jlxkyh.pdf,,,,,,,,,,
6659,variation,,"THE WHOLE ARMOUR OF GOD - Hardcopy",1,,1,,5000,,,,"Select Book Type",Hardcopy,,1,,,,,,,,"{""USD"":""""}",,,,,,,,,,,,,,,,,,,,,,,,,,,,,,,,,,,,,,,,,,,,,,,,,,,,,,,,,,,,,,,,,
6660,"variation, downloadable, virtual",,"THE WHOLE ARMOUR OF GOD - Softcopy",1,,1,,3500,,,,"Select Book Type",Softcopy,,1,,,,,,,,"{""USD"":""""}",,,,,,,,,,,,,,,,,,,,,,,,,,,,,,,,,,,,,,,,,,,,,,,,,,,,,aaca1f1c-d586-4851-bcf0-cd8d16f1a09e,"The Whole Armour of God",https://kairosbookshop.org/wp-content/uploads/woocommerce_uploads/2021/02/24.-The-Whole-Armour-of-God-ni75cm.pdf,,,,,,,,,,
6665,variation,,"UNLOCKING YOUR DESTINY FROM THE COURT OF HEAVEN - Hardcopy",1,,1,,5000,,,,"Select Book Type",Hardcopy,,1,,,,,,,,"{""USD"":""""}",,,,,,,,,,,,,,,,,,,,,,,,,,,,,,,,,,,,,,,,,,,,,,,,,,,,,,,,,,,,,,,,,
6666,"variation, downloadable, virtual",,"UNLOCKING YOUR DESTINY FROM THE COURT OF HEAVEN - Softcopy",1,,1,,3500,,,,"Select Book Type",Softcopy,,1,,,,,,,,"{""USD"":""""}",,,,,,,,,,,,,,,,,,,,,,,,,,,,,,,,,,,,,,,,,,,,,,,,,,,,,dbd34ce2-2970-406b-8b08-8e33d16b2a12,"UNLOCKING YOUR DESTINY FROM THE COURT OF HEAVEN",https://kairosbookshop.org/wp-content/uploads/woocommerce_uploads/2023/10/UNLOCKING-YOUR-DESTINY-FROM-THE-COURT-OF-HEAVEN-Isaiah-Michael-Wealth-Print-jjy71x.pdf,,,,,,,,,,
6673,variation,,"RECOGNIZING THE VOICE OF GOD - Hardcopy",1,,1,,5000,,,,"Select Book Type",Hardcopy,,1,,,,,,,,"{""USD"":""""}",,,,,,,,,,,,,,,,,,,,,,,,,,,,,,,,,,,,,,,,,,,,,,,,,,,,,,,,,,,,,,,,,
6674,"variation, downloadable, virtual",,"RECOGNIZING THE VOICE OF GOD - Softcopy",1,,1,,3500,,,,"Select Book Type",Softcopy,,1,,,,,,,,"{""USD"":""""}",,,,,,,,,,,,,,,,,,,,,,,,,,,,,,,,,,,,,,,,,,,,,,,,,,,,,d042c66e-8260-4cee-a6b4-cd5f1e79b15a,"Recognizing the Voice of God",https://kairosbookshop.org/wp-content/uploads/woocommerce_uploads/2021/05/12.-Recognizing-the-Voice-of-God-ozhigx.pdf,,,,,,manual,fixed,,,no
6692,variation,,"RETAINING THE HEALING YOU HAVE RECEIVED - Hardcopy",1,,1,,5000,,https://kairosbookshop.org/wp-content/uploads/2022/07/RETAINING-YOUR-HEALING-YOU-HAVE-RECEIVED.webp,,"Select Book Type",Hardcopy,,1,,,,,,,,"{""USD"":""""}",,,,,,,,,,,,,,,,,,,,,,,,,,,,,,,,,,,,,,,,,,,,,,,,,,,,,,,,,,,,,manual,fixed,,,no
6693,"variation, downloadable, virtual",,"RETAINING THE HEALING YOU HAVE RECEIVED - Softcopy",1,,1,,3500,,https://kairosbookshop.org/wp-content/uploads/2022/07/RETAINING-YOUR-HEALING-YOU-HAVE-RECEIVED.webp,,"Select Book Type",Softcopy,,1,,,,,,,,"{""USD"":""""}",,,,,,,,,,,,,,,,,,,,,,,,,,,,,,,,,,,,,,,,,,,,,,,,,,,,,777ebe2c-793e-4932-ac62-31d78aef094e,"Retaining The Healing You Have Received",https://kairosbookshop.org/wp-content/uploads/woocommerce_uploads/2022/07/RETAINING_THE_HEALING_YOU_HAVE_RECEIVED-ioycrx.pdf,,,,,,manual,fixed,,,no
6694,variation,,"ACCESSING THE HIDDEN POWERS OF HEAVEN - Hardcopy",1,,1,,5000,,,,"Select Book Type",Hardcopy,,1,,,,,,,,"{""USD"":""""}",,,,,,,,,,,,,,,,,,,,,,,,,,,,,,,,,,,,,,,,,,,,,,,,,,,,,,,,,,,,,manual,fixed,,,no
6695,"variation, downloadable, virtual",,"ACCESSING THE HIDDEN POWERS OF HEAVEN - Softcopy",1,,1,,3500,,,,"Select Book Type",Softcopy,,1,,,,,,,,"{""USD"":""""}",,,,,,,,,,,,,,,,,,,,,,,,,,,,,,,,,,,,,,,,,,,,,,,,,,,,,a4774716-be60-47d3-8a4a-b89713864abd,"ACCESSING THE HIDDEN POWERS OF HEAVEN",https://kairosbookshop.org/wp-content/uploads/woocommerce_uploads/2023/10/ACCESSING-THE-HIDDEN-POWER-OF-HEAVEN-2-nntzyo.pdf,,,,,,manual,fixed,,,no
6697,variation,,"BREAKING STRONGHOLD FROM THE COURT OF HEAVEN - Hardcopy",1,,1,,5000,,,,"Select Book Type",Hardcopy,,1,,,,,,,,"{""USD"":""""}",,,,,,,,,,,,,,,,,,,,,,,,,,,,,,,,,,,,,,,,,,,,,,,,,,,,,,,,,,,,,manual,fixed,,,no
6698,"variation, downloadable, virtual",,"BREAKING STRONGHOLD FROM THE COURT OF HEAVEN - Softcopy",1,,1,,3500,,,,"Select Book Type",Softcopy,,1,,,,,,,,"{""USD"":""""}",,,,,,,,,,,,,,,,,,,,,,,,,,,,,,,,,,,,,,,,,,,,,,,,,,,,,bee39522-971a-41bf-b002-32341c5a0d4c,"Breaking Stronghold from the Court of Heaven",https://kairosbookshop.org/wp-content/uploads/woocommerce_uploads/2021/02/Breaking-Strongholds-From-the-Court-of-Heaven-Isaiah-Michael-Wealth-Print-vrcdr2.pdf,,,,,,manual,fixed,,,no
6699,variation,,"SERVING IN LOVE - Hardcopy",1,,1,,5000,,,,"Select Book Type",Hardcopy,,1,,,,,,,,"{""USD"":""""}",,,,,,,,,,,,,,,,,,,,,,,,,,,,,,,,,,,,,,,,,,,,,,,,,,,,,,,,,,,,,manual,fixed,,,no
6700,"variation, downloadable, virtual",,"SERVING IN LOVE - Softcopy",1,,1,,3500,,,,"Select Book Type",Softcopy,,1,,,,,,,,"{""USD"":""""}",,,,,,,,,,,,,,,,,,,,,,,,,,,,,,,,,,,,,,,,,,,,,,,,,,,,,378b4e0b-b577-4621-bb19-bb47c651a041,"Serving In Love",https://kairosbookshop.org/wp-content/uploads/woocommerce_uploads/2022/07/16.-Serving-in-Love-wp3vvr.pdf,,,,,,manual,fixed,,,no
6706,variation,,"THE HABIT OF BEING IN THE SPIRIT - Hardcopy",1,,1,,5000,,,,"Select Book Type",Hardcopy,,1,,,,,,,,"{""USD"":""""}",,,,,,,,,,,,,,,,,,,,,,,,,,,,,,,,,,,,,,,,,,,,,,,,,,,,,,,,,,,,,manual,fixed,,,no
6707,"variation, downloadable, virtual",,"THE HABIT OF BEING IN THE SPIRIT - Softcopy",1,,1,,3500,,,,"Select Book Type",Softcopy,,1,,,,,,,,"{""USD"":""""}",,,,,,,,,,,,,,,,,,,,,,,,,,,,,,,,,,,,,,,,,,,,,,,,,,,,,0308591d-753e-4068-9990-4eb6114b4e85,"The Habit Of Being In The Spirit",https://kairosbookshop.org/wp-content/uploads/woocommerce_uploads/2022/07/The-Habit-of-Being-in-the-Spirit-Isaiah-Michael-Wealth-Print-huu8l8.pdf,,,,,,manual,fixed,,,no
6709,variation,,"ENJOYING DIVINE HEALTH - Hardcopy",1,,1,,5000,,,,"Select Book Type",Hardcopy,,1,,,,,,,,"{""USD"":""""}",,,,,,,,,,,,,,,,,,,,,,,,,,,,,,,,,,,,,,,,,,,,,,,,,,,,,,,,,,,,,manual,fixed,,,no
6710,"variation, downloadable, virtual",,"ENJOYING DIVINE HEALTH - Softcopy",1,,1,,3500,,,,"Select Book Type",Softcopy,,1,,,,,,,,"{""USD"":""""}",,,,,,,,,,,,,,,,,,,,,,,,,,,,,,,,,,,,,,,,,,,,,,,,,,,,,ed482d94-0375-4807-a115-80ad06a9bc11,"Enjoying Divine Health",https://kairosbookshop.org/wp-content/uploads/woocommerce_uploads/2021/05/7.-Enjoying-Divine-Health-bnmvnk.pdf,,,,,,manual,fixed,,,no
6739,"simple, downloadable, virtual",,"BECOMING A HOP LEADER – HOP School of Harvest Training Manual (Volume 1)",1,,1,,1000,"Pastoral ministry and Church Growth",https://kairosbookshop.org/wp-content/uploads/2024/10/hop-manual.png,,,,,,,,,,,default,,"{""USD"":""""}",,,default,default,default,default,,,,manual,fixed,no,,,,,,,,0,844,default,default,default,set,,,,,,,,,,,,,,,,,,,,,,,,,,,,4e8c5c18-7a10-4c1c-a2f4-8dfa4fc2af88,"Becoming a HOP Leader – HOP School of Harvest Training Manual (Volume 1).",https://kairosbookshop.org/wp-content/uploads/woocommerce_uploads/2024/10/BECOMING-A-HOP-LEADER-HOP-School-of-Harvest-Training-Manual-Volume-1-5ijpkx.pdf,,,,,,,,,,
6947,variation,,"THE MYSTERY OF CROWNS AND ETERNAL REWARDS - Hardcopy",1,,1,,5000,,,,"Select Book Type",Hardcopy,,1,,,,,,,,"{""USD"":""""}",,,,,,,,,,,,,,,,,,,,,,,,,,,,,,,,,,,,,,,,,,,,,,,,,,,,,,,,,,,,,manual,fixed,,,no
6948,"variation, downloadable, virtual",,"THE MYSTERY OF CROWNS AND ETERNAL REWARDS - Softcopy",1,,1,,3500,,,,"Select Book Type",Softcopy,,1,,,,,,,,"{""USD"":""""}",,,,,,,,,,,,,,,,,,,,,,,,,,,,,,,,,,,,,,,,,,,,,,,,,,,,,044bfa90-5dc7-48be-8649-e883ab09e9d3,"The Mystery Of Crowns And Eternal Rewards",https://kairosbookshop.org/wp-content/uploads/woocommerce_uploads/2022/07/21.-The-Mystery-of-Crowns-dcbp1j.pdf,,,,,,manual,fixed,,,no
6950,variation,,"MANAGING CAREER, BUSINESS AND MINISTRY - Hardcopy",1,,1,,15000,,,,"Select Book Type",Hardcopy,,1,,,,,,,,"{""USD"":""""}",,,,,,,,,,,,,,,,,,,,,,,,,,,,,,,,,,,,,,,,,,,,,,,,,,,,,,,,,,,,,manual,fixed,,,no
6951,"variation, downloadable, virtual",,"MANAGING CAREER, BUSINESS AND MINISTRY - Softcopy",1,,1,,13000,,,,"Select Book Type",Softcopy,,1,,,,,,,,"{""USD"":""""}",,,,,,,,,,,,,,,,,,,,,,,,,,,,,,,,,,,,,,,,,,,,,,,,,,,,,fffede99-19a8-47c7-9c9b-18548c709182,"Managing Career, Business And Ministry",https://kairosbookshop.org/wp-content/uploads/woocommerce_uploads/2022/05/10.-Managing-CareerBusiness-and-Ministry-zvjtim.pdf,,,,,,manual,fixed,,,no
6953,variation,,"THE MYSTERY OF FIRST FRUITS - Hardcopy",1,,1,,5000,,,,"Select Book Type",Hardcopy,,1,,,,,,,,"{""USD"":""""}",,,,,,,,,,,,,,,,,,,,,,,,,,,,,,,,,,,,,,,,,,,,,,,,,,,,,,,,,,,,,manual,fixed,,,no
6954,"variation, downloadable, virtual",,"THE MYSTERY OF FIRST FRUITS - Softcopy",1,,1,,3500,,,,"Select Book Type",Softcopy,,1,,,,,,,,"{""USD"":""""}",,,,,,,,,,,,,,,,,,,,,,,,,,,,,,,,,,,,,,,,,,,,,,,,,,,,,d5fbf3fe-0fa4-4862-bd61-bb552cacb72a,"The Mystery Of First Fruit",https://kairosbookshop.org/wp-content/uploads/2024/10/Mystery-of-First-Fruit-Isaiah-Michael-Wealth-Print.pdf,,,,,,manual,fixed,,,no
6965,variation,,"WHY WE GO TO CHURCH - Hardcopy",1,,1,,5000,,,,"Select Book Type",Hardcopy,,1,,,,,,,,"{""USD"":""""}",,,,,,,,,,,,,,,,,,,,,,,,,,,,,,,,,,,,,,,,,,,,,,,,,,,,,,,,,,,,,manual,fixed,,,no
6966,"variation, downloadable, virtual",,"WHY WE GO TO CHURCH - Softcopy",1,,1,,3500,,,,"Select Book Type",Softcopy,,1,,,,,,,,"{""USD"":""""}",,,,,,,,,,,,,,,,,,,,,,,,,,,,,,,,,,,,,,,,,,,,,,,,,,,,,84b24f99-15ea-4463-a7e6-53279fa0188a,"WHY WE GO TO CHURCH",https://kairosbookshop.org/wp-content/uploads/2024/10/Book-13-Why-We-Go-To-Church-Amazon.pdf,,,,,,manual,fixed,,,no
6971,variation,,"UNDERSTANDING PASTORAL MINISTRY - Hardcopy",1,,1,,5000,,https://kairosbookshop.org/wp-content/uploads/2022/03/UNDERSTANDING-PASTORAL-MINISTRY.webp,,"Select Book Type",Hardcopy,,1,,,,,,,,"{""USD"":""""}",,,,,,,,,,,,,,,,,,,,,,,,,,,,,,,,,,,,,,,,,,,,,,,,,,,,,,,,,,,,,manual,fixed,,,no
6972,"variation, downloadable, virtual",,"UNDERSTANDING PASTORAL MINISTRY - Softcopy",1,,1,,3500,,https://kairosbookshop.org/wp-content/uploads/2022/03/UNDERSTANDING-PASTORAL-MINISTRY.webp,,"Select Book Type",Softcopy,,1,,,,,,,,"{""USD"":""""}",,,,,,,,,,,,,,,,,,,,,,,,,,,,,,,,,,,,,,,,,,,,,,,,,,,,,a25b4b8d-87fc-4363-a824-04d5dcdca86b,"Understanding Pastoral Ministry",https://kairosbookshop.org/wp-content/uploads/2024/10/Understanding-Pastoral-Ministry.pdf,,,,,,manual,fixed,,,no
6975,variation,,"CHURCH GROWTH PRINCIPLES - Hardcopy",1,,1,,5000,,https://kairosbookshop.org/wp-content/uploads/2022/03/CHURCH-GROWTH-PRINCIPLE-1.webp,,"Select Book Type",Hardcopy,,1,,,,,,,,"{""USD"":""""}",,,,,,,,,,,,,,,,,,,,,,,,,,,,,,,,,,,,,,,,,,,,,,,,,,,,,,,,,,,,,manual,fixed,,,no
6976,"variation, downloadable, virtual",,"CHURCH GROWTH PRINCIPLES - Softcopy",1,,1,,3500,,https://kairosbookshop.org/wp-content/uploads/2022/03/CHURCH-GROWTH-PRINCIPLE-1.webp,,"Select Book Type",Softcopy,,1,,,,,,,,"{""USD"":""""}",,,,,,,,,,,,,,,,,,,,,,,,,,,,,,,,,,,,,,,,,,,,,,,,,,,,,d757f6fc-85b2-4ac3-a2f0-179b075b1f05,"Church Growth Principles",https://kairosbookshop.org/wp-content/uploads/2024/10/Church-Growth-Principles.pdf,,,,,,manual,fixed,,,no
6980,variation,,"SATAN: THE HIDDEN ENEMY OF YOUR CHURCH - Hardcopy",1,,1,,5000,,https://kairosbookshop.org/wp-content/uploads/2022/03/SATAN-THE-HIDDEN-ENEMY-OF-THE-CHURCH-1.webp,,"Select Book Type",Hardcopy,,1,,,,,,,,"{""USD"":""""}",,,,,,,,,,,,,,,,,,,,,,,,,,,,,,,,,,,,,,,,,,,,,,,,,,,,,,,,,,,,,manual,fixed,,,no
6981,"variation, downloadable, virtual",,"SATAN: THE HIDDEN ENEMY OF YOUR CHURCH - Softcopy",1,,1,,3500,,https://kairosbookshop.org/wp-content/uploads/2022/03/SATAN-THE-HIDDEN-ENEMY-OF-THE-CHURCH-1.webp,,"Select Book Type",Softcopy,,1,,,,,,,,"{""USD"":""""}",,,,,,,,,,,,,,,,,,,,,,,,,,,,,,,,,,,,,,,,,,,,,,,,,,,,,f511670f-2cf9-409d-a54d-f7fa3164be98,"Satan The Hidden Enemy Of Your Church",https://kairosbookshop.org/wp-content/uploads/2024/10/15.-Satan-The-Hidden-Enemy-of-The-Church.pdf,,,,,,manual,fixed,,,no
6982,variation,,"ADVANCING IN PRAYERS - Hardcopy",1,,1,,5000,,,,"Select Book Type",Hardcopy,,1,,,,,,,,"{""USD"":""""}",,,,,,,,,,,,,,,,,,,,,,,,,,,,,,,,,,,,,,,,,,,,,,,,,,,,,,,,,,,,,manual,fixed,,,no
6983,"variation, downloadable, virtual",,"ADVANCING IN PRAYERS - Softcopy",1,,1,,3500,,,,"Select Book Type",Softcopy,,1,,,,,,,,"{""USD"":""""}",,,,,,,,,,,,,,,,,,,,,,,,,,,,,,,,,,,,,,,,,,,,,,,,,,,,,f6411ea1-8136-4b19-bfcc-a1952cb4a6a0,"Advancing In Prayers",https://kairosbookshop.org/wp-content/uploads/2024/10/1.-ADVANCING-IN-PRAYER.pdf,,,,,,manual,fixed,,,no
6985,variation,,"PROSPERING BY THE BLESSING - Hardcopy",1,,1,,5000,,,,"Select Book Type",Hardcopy,,1,,,,,,,,"{""USD"":""""}",,,,,,,,,,,,,,,,,,,,,,,,,,,,,,,,,,,,,,,,,,,,,,,,,,,,,,,,,,,,,manual,fixed,,,no
6986,"variation, downloadable, virtual",,"PROSPERING BY THE BLESSING - Softcopy",1,,1,,3500,,,,"Select Book Type",Softcopy,,1,,,,,,,,"{""USD"":""""}",,,,,,,,,,,,,,,,,,,,,,,,,,,,,,,,,,,,,,,,,,,,,,,,,,,,,5588d09f-e382-46fa-94d8-20481823d053,"Prospering By The Blessing",https://kairosbookshop.org/wp-content/uploads/2024/10/Prospering_By_The_Blessing.pdf,,,,,,manual,fixed,,,no
6989,variation,,"THE MYSTERY OF THANKSGIVING - Hardcopy",1,,1,,5000,,,,"Select Book Type",Hardcopy,,1,,,,,,,,"{""USD"":""""}",,,,,,,,,,,,,,,,,,,,,,,,,,,,,,,,,,,,,,,,,,,,,,,,,,,,,,,,,,,,,manual,fixed,,,no
6990,"variation, downloadable, virtual",,"THE MYSTERY OF THANKSGIVING - Softcopy",1,,1,,3500,,,,"Select Book Type",Softcopy,,1,,,,,,,,"{""USD"":""""}",,,,,,,,,,,,,,,,,,,,,,,,,,,,,,,,,,,,,,,,,,,,,,,,,,,,,f709e79c-c0f6-44f3-8621-46534d8b1436,"The Mystery Of Thanksgiving",https://kairosbookshop.org/wp-content/uploads/2024/10/The_Mystery_of_Thanksgiving.pdf,,,,,,manual,fixed,,,no
6993,variation,,"MAKING, MANAGING & MULTIPLYING MONEY - Hardcopy",1,,1,,5000,,,,"Select Book Type",Hardcopy,,1,,,,,,,,"{""USD"":""""}",,,,,,,,,,,,,,,,,,,,,,,,,,,,,,,,,,,,,,,,,,,,,,,,,,,,,,,,,,,,,manual,fixed,,,no
6994,"variation, downloadable, virtual",,"MAKING, MANAGING & MULTIPLYING MONEY - Softcopy",1,,1,,3500,,,,"Select Book Type",Softcopy,,1,,,,,,,,"{""USD"":""""}",,,,,,,,,,,,,,,,,,,,,,,,,,,,,,,,,,,,,,,,,,,,,,,,,,,,,ba510af0-03f1-4ef2-8179-4257c60cc515,"Making, Managing & Multiplying Money",https://kairosbookshop.org/wp-content/uploads/2024/10/Making-Managing-and-Multiplying-Money-Isaiah-Michael-Wealth.pdf,,,,,,manual,fixed,,,no
6996,variation,,"DRESSCODE FOR ENTERING THE COURT OF HEAVEN - Hardcopy",1,,1,,5000,,,,"Select Book Type",Hardcopy,,1,,,,,,,,"{""USD"":""""}",,,,,,,,,,,,,,,,,,,,,,,,,,,,,,,,,,,,,,,,,,,,,,,,,,,,,,,,,,,,,manual,fixed,,,no
6997,"variation, downloadable, virtual",,"DRESSCODE FOR ENTERING THE COURT OF HEAVEN - Softcopy",1,,1,,3500,,,,"Select Book Type",Softcopy,,1,,,,,,,,"{""USD"":""""}",,,,,,,,,,,,,,,,,,,,,,,,,,,,,,,,,,,,,,,,,,,,,,,,,,,,,7f2b4107-03ac-4a3e-aec6-5510365d67e6,"Dress Code For Entering The Court Of Heaven",https://kairosbookshop.org/wp-content/uploads/2024/10/The-Dress-Code-For-Entering-The-Court-Of-Heaven-Isaiah-Michael-Wealth-Print.pdf,,,,,,manual,fixed,,,no,,,,
7001,variation,,"CHURCH PIONEERING IN MINISTRY - Hardcopy",1,,1,,5000,,https://kairosbookshop.org/wp-content/uploads/2022/03/CHURCH-PIONEERING-IN-MINITRY-1.webp,,"Select Book Type",Hardcopy,,1,,,,,,,,"{""USD"":""""}",,,,,,,,,,,,,,,,,,,,,,,,,,,,,,,,,,,,,,,,,,,,,,,,,,,,,,,,,,,,,manual,fixed,,,no,,,,
7002,"variation, downloadable, virtual",,"CHURCH PIONEERING IN MINISTRY - Softcopy",1,,1,,3500,,https://kairosbookshop.org/wp-content/uploads/2022/03/CHURCH-PIONEERING-IN-MINITRY-1.webp,,"Select Book Type",Softcopy,,1,,,,,,,,"{""USD"":""""}",,,,,,,,,,,,,,,,,,,,,,,,,,,,,,,,,,,,,,,,,,,,,,,,,,,,,1d5721ed-34d4-4575-885a-19c812ae87e6,"Church Pioneering In Ministry",https://kairosbookshop.org/wp-content/uploads/2024/10/Church-Pioneering-In-Ministry.pdf,,,,,,manual,fixed,,,no,,,,
7005,variation,,"THE MYSTERY OF SPIRITUAL FATHERHOOD - Hardcopy",1,,1,,5000,,,,"Select Book Type",Hardcopy,,1,,,,,,,,"{""USD"":""""}",,,,,,,,,,,,,,,,,,,,,,,,,,,,,,,,,,,,,,,,,,,,,,,,,,,,,,,,,,,,,manual,fixed,,,no,,,,
7006,"variation, downloadable, virtual",,"THE MYSTERY OF SPIRITUAL FATHERHOOD - Softcopy",1,,1,,3500,,,,"Select Book Type",Softcopy,,1,,,,,,,,"{""USD"":""""}",,,,,,,,,,,,,,,,,,,,,,,,,,,,,,,,,,,,,,,,,,,,,,,,,,,,,3a7e81d0-e40f-420e-a264-890b4d3cffab,"The Mystery Of Spiritual Fatherhood",https://kairosbookshop.org/wp-content/uploads/2024/10/The_Mystery_of_Spiritual_Fatherhood.pdf,,,,,,manual,fixed,,,no,,,,
7007,variation,,"UNDERSTANDING PRAYER - Hardcopy",1,,1,,5000,,,,"Select Book Type",Hardcopy,,1,,,,,,,,"{""USD"":""""}",,,,,,,,,,,,,,,,,,,,,,,,,,,,,,,,,,,,,,,,,,,,,,,,,,,,,,,,,,,,,manual,fixed,,,no,,,,
7008,"variation, downloadable, virtual",,"UNDERSTANDING PRAYER - Softcopy",1,,1,,3500,,,,"Select Book Type",Softcopy,,1,,,,,,,,"{""USD"":""""}",,,,,,,,,,,,,,,,,,,,,,,,,,,,,,,,,,,,,,,,,,,,,,,,,,,,,ee833801-2cb5-4b0d-b0c4-bbcfc35deb27,"Understanding Prayer",https://kairosbookshop.org/wp-content/uploads/2024/10/Understanding_Prayer.pdf,,,,,,manual,fixed,,,no,,,,
7009,variation,,"FASTING AND FINANCIAL BREAKTHROUGH - Hardcopy",1,,1,,5000,,https://kairosbookshop.org/wp-content/uploads/2021/12/fasting-for-financial-breakthrough.webp,,"Select Book Type",Hardcopy,,1,,,,,,,,"{""USD"":""""}",,,,,,,,,,,,,,,,,,,,,,,,,,,,,,,,,,,,,,,,,,,,,,,,,,,,,,,,,,,,,manual,fixed,,,no,,,,
7010,"variation, downloadable, virtual",,"FASTING AND FINANCIAL BREAKTHROUGH - Softcopy",1,,1,,3500,,https://kairosbookshop.org/wp-content/uploads/2021/12/fasting-for-financial-breakthrough.webp,,"Select Book Type",Softcopy,,1,,,,,,,,"{""USD"":""""}",,,,,,,,,,,,,,,,,,,,,,,,,,,,,,,,,,,,,,,,,,,,,,,,,,,,,1ba82f58-6a65-49d8-89d6-4597a471cb48,"Fasting And Financial Breakthrough",https://kairosbookshop.org/wp-content/uploads/2024/10/FASTING_AND_FINANCIAL_BREAKTHROUGH.pdf,,,,,,manual,fixed,,,no,,,,
7011,variation,,"CHURCH ADMINISTRATION AND FINANCES - Hardcopy",1,,1,,5000,,,,"Select Book Type",Hardcopy,,1,,,,,,,,"{""USD"":""""}",,,,,,,,,,,,,,,,,,,,,,,,,,,,,,,,,,,,,,,,,,,,,,,,,,,,,,,,,,,,,manual,fixed,,,no,,,,
7012,"variation, downloadable, virtual",,"CHURCH ADMINISTRATION AND FINANCES - Softcopy",1,,1,,3500,,,,"Select Book Type",Softcopy,,1,,,,,,,,"{""USD"":""""}",,,,,,,,,,,,,,,,,,,,,,,,,,,,,,,,,,,,,,,,,,,,,,,,,,,,,247a5aaf-8de7-4324-adaf-a4d2a863b189,"Church Administration and Finances",https://kairosbookshop.org/wp-content/uploads/2024/10/Church-Administration-and-Finances.pdf,,,,,,manual,fixed,,,no,,,,
7015,variation,,"CELL SYSTEM AND CHURCH GROWTH - Hardcopy",1,,1,,5000,,,,"Select Book Type",Hardcopy,,1,,,,,,,,"{""USD"":""""}",,,,,,,,,,,,,,,,,,,,,,,,,,,,,,,,,,,,,,,,,,,,,,,,,,,,,,,,,,,,,manual,fixed,,,no,,,,
7016,"variation, downloadable, virtual",,"CELL SYSTEM AND CHURCH GROWTH - Softcopy",1,,1,,3500,,,,"Select Book Type",Softcopy,,1,,,,,,,,"{""USD"":""""}",,,,,,,,,,,,,,,,,,,,,,,,,,,,,,,,,,,,,,,,,,,,,,,,,,,,,c3359a6d-3b75-4e70-8373-05e7f6491bf1,"Cell System and Church Growth",https://kairosbookshop.org/wp-content/uploads/woocommerce_uploads/2021/05/3.-Cell-System-and-Church-Growth-1gnylc.pdf,,,,,,manual,fixed,,,no,,,,
7018,variation,,"THE LANGUAGE OF THE PROPHETIC - Hardcopy",1,,1,,5000,,,,"Select Book Type",Hardcopy,,1,,,,,,,,"{""USD"":""""}",,,,,,,,,,,,,,,,,,,,,,,,,,,,,,,,,,,,,,,,,,,,,,,,,,,,,,,,,,,,,manual,fixed,,,no,,,,
7019,"variation, downloadable, virtual",,"THE LANGUAGE OF THE PROPHETIC - Softcopy",1,,1,,3500,,,,"Select Book Type",Softcopy,,1,,,,,,,,"{""USD"":""""}",,,,,,,,,,,,,,,,,,,,,,,,,,,,,,,,,,,,,,,,,,,,,,,,,,,,,09fa03ca-8d1e-450d-9b16-00cc2aa02348,"The Language of the Prophetic",https://kairosbookshop.org/wp-content/uploads/woocommerce_uploads/2021/02/The-Language-of-the-Prophetic-qy6mke.pdf,,,,,,manual,fixed,,,no,,,,
7021,variation,,"CHURCH AND MONEY - Hardcopy",1,,1,,5000,,https://kairosbookshop.org/wp-content/uploads/2024/10/Church-and-Money.webp,,"Select Book Type",Hardcopy,,1,,,,,,,,"{""USD"":""""}",,,,,,,,,,,,,,,,,,,,,,,,,,,,,,,,,,,,,,,,,,,,,,,,,,,,,,,,,,,,,manual,fixed,,,no,,,,
7023,"variation, downloadable",,"CHURCH AND MONEY - Softcopy",1,,1,,3500,,https://kairosbookshop.org/wp-content/uploads/2024/10/Church-and-Money.webp,,"Select Book Type",Softcopy,,1,,,,,,,,"{""USD"":""""}",,,,,,,,,,,,,,,,,,,,,,,,,,,,,,,,,,,,,,,,,,,,,,,,,,,,,926644b1-1795-4e31-8387-8a896cf45820,"Church and Money",https://kairosbookshop.org/wp-content/uploads/woocommerce_uploads/2021/02/7.-Church-And-Money-Isaiah-Michael-Wealth-lr8dzk.pdf,,,,,,manual,fixed,,,no,,,,
7226,variable,,"ENTERING THE REALM OF TRUST",1,,1,,,Faith,https://kairosbookshop.org/wp-content/uploads/2025/01/Entering-The-Realm-Of-Trust-1.jpeg,,"Select Book Type","Hardcopy, Softcopy",1,1,,,,,,default,,,,,default,default,default,default,,,,manual,fixed,no,,,,,,,,0,663,default,default,default,set,,,,,,,,,,,,,,,,,,,,,,,,,,,,,,,,,,,,,,,,,,,,
7227,variation,,"ENTERING THE REALM OF TRUST - Hardcopy",1,,1,,5000,,https://kairosbookshop.org/wp-content/uploads/2025/01/The-Realm-of-Trust.png,,"Select Book Type",Hardcopy,,1,,,,,,,,"{""USD"":""""}",,,,,,,,,,,,,,,,,,,,,,,,,,,,,,,,,,,,,,,,,,,,,,,,,,,,,,,,,,,,,manual,fixed,,,no,,,,
7228,"variation, downloadable, virtual",,"ENTERING THE REALM OF TRUST - Softcopy",1,,1,,3500,,https://kairosbookshop.org/wp-content/uploads/2025/01/The-Realm-of-Trust.png,,"Select Book Type",Softcopy,,1,,,,,,,,"{""USD"":""""}",,,,,,,,,,,,,,,,,,,,,,,,,,,,,,,,,,,,,,,,,,,,,,,,,,,,,c858815f-c8cd-4bbd-8ca8-b2435f9a23e9,"Entering The Realm of Trust",https://kairosbookshop.org/wp-content/uploads/woocommerce_uploads/2025/01/Entering-The-Realm-of-Trust-pykb7p.pdf,,,,,,manual,fixed,,,no,,,,
7230,variable,,"FAITH ENGINE ROOM",1,,1,,,Faith,https://kairosbookshop.org/wp-content/uploads/2025/01/Faith-Engine-Room-1.jpeg,,"Select Book Type","Hardcopy, Softcopy",1,1,,,,,,default,,,,,default,default,default,default,,,,manual,fixed,no,,,,,,,,0,644,default,default,default,set,,,,,,,,,,,,,,,,,,,,,,,,,,,,,,,,,,,,,,,,,,,,
7231,variation,,"FAITH ENGINE ROOM - Hardcopy",1,,1,,5000,,https://kairosbookshop.org/wp-content/uploads/2025/01/Faith-Engine-Room.png,,"Select Book Type",Hardcopy,,1,,,,,,,,"{""USD"":""""}",,,,,,,,,,,,,,,,,,,,,,,,,,,,,,,,,,,,,,,,,,,,,,,,,,,,,,,,,,,,,manual,fixed,,,no,,,,
7232,"variation, downloadable, virtual",,"FAITH ENGINE ROOM - Softcopy",1,,1,,3500,,https://kairosbookshop.org/wp-content/uploads/2025/01/Faith-Engine-Room.png,,"Select Book Type",Softcopy,,1,,,,,,,,"{""USD"":""""}",,,,,,,,,,,,,,,,,,,,,,,,,,,,,,,,,,,,,,,,,,,,,,,,,,,,,549c4789-cd40-4c39-aa8e-24b7783801ad,"Faith Engine Room",https://kairosbookshop.org/wp-content/uploads/woocommerce_uploads/2025/01/FAITH-ENGINE-ROOM-jnxaxm.pdf,,,,,,manual,fixed,,,no,,,,
7246,variable,,"THE MYSTERY OF ANCIENT FAITH",1,,1,,,Faith,https://kairosbookshop.org/wp-content/uploads/2025/01/The-Mystery-Of-Ancient-Faith.jpeg,,"Select Book Type","Hardcopy, Softcopy",1,1,,,,,,default,,,,,default,default,default,default,,,,manual,fixed,no,,,,,,,,0,633,default,default,default,set,,,,,,,,,,,,,,,,,,,,,,,,,,,,,,,,,,,,,,,,,,,,
7247,variation,,"THE MYSTERY OF ANCIENT FAITH - Hardcopy",1,,1,,5000,,https://kairosbookshop.org/wp-content/uploads/2025/01/Ancient-Faith-1.png,,"Select Book Type",Hardcopy,,1,,,,,,,,"{""USD"":""""}",,,,,,,,,,,,,,,,,,,,,,,,,,,,,,,,,,,,,,,,,,,,,,,,,,,,,,,,,,,,,manual,fixed,,,no,,,,
7248,"variation, downloadable, virtual",,"THE MYSTERY OF ANCIENT FAITH - Softcopy",1,,1,,3500,,https://kairosbookshop.org/wp-content/uploads/2025/01/Ancient-Faith-1-1.png,,"Select Book Type",Softcopy,,1,,,,,,,,"{""USD"":""""}",,,,,,,,,,,,,,,,,,,,,,,,,,,,,,,,,,,,,,,,,,,,,,,,,,,,,f00936d4-1a02-4ee9-8e3c-b2a86912ce21,"The Mystery of Ancient Faith",https://kairosbookshop.org/wp-content/uploads/woocommerce_uploads/2025/01/THE-MYSTERY-OF-ANCIENT-FAITH-1uf3tv.pdf,,,,,,manual,fixed,,,no,,,,
7251,variable,,"FAITH OF THE HIDDEN MAN",1,,1,,,Faith,https://kairosbookshop.org/wp-content/uploads/2025/01/Faith-Hidden-Man.png,,"Select Book Type","Hardcopy, Softcopy",1,1,,,,,,default,,,,,default,default,default,default,,,,manual,fixed,no,,,,,,,,0,671,default,default,default,set,,,,,,,,,,,,,,,,,,,,,,,,,,,,,,,,,,,,,,,,,,,,
7252,variation,,"FAITH OF THE HIDDEN MAN - Hardcopy",1,,1,,5000,,https://kairosbookshop.org/wp-content/uploads/2025/01/Faith-of-the-Hidden-man.png,,"Select Book Type",Hardcopy,,1,,,,,,,,"{""USD"":""""}",,,,,,,,,,,,,,,,,,,,,,,,,,,,,,,,,,,,,,,,,,,,,,,,,,,,,,,,,,,,,manual,fixed,,,no,,,,
7253,"variation, downloadable, virtual",,"FAITH OF THE HIDDEN MAN - Softcopy",1,,1,,3500,,https://kairosbookshop.org/wp-content/uploads/2025/01/Faith-of-the-Hidden-man.png,,"Select Book Type",Softcopy,,1,,,,,,,,"{""USD"":""""}",,,,,,,,,,,,,,,,,,,,,,,,,,,,,,,,,,,,,,,,,,,,,,,,,,,,,07a0235e-6a5d-4c4f-9551-59e73f9f8273,"Faith of the Hidden Man",https://kairosbookshop.org/wp-content/uploads/woocommerce_uploads/2025/01/THE-FAITH-OF-THE-HIDDEN-MAN-om9ddq.pdf,,,,,,manual,fixed,,,no,,,,
7256,variable,,"THE REALM OF FAITH",1,,1,,,"Faith, VGS Week Three 2025",https://kairosbookshop.org/wp-content/uploads/2025/01/The-Realm-of-Faith.webp,,"Select Book Type","Hardcopy, Softcopy",1,1,,,,,,default,,,,,default,default,default,default,,,,manual,fixed,no,,,,,,,,0,864,default,default,default,set,,,,,,,,,,,,,,,,,,,,,,,,,,,,,,,,,,,,,,,,,,,,
7257,variation,,"THE REALM OF FAITH - Hardcopy",1,,1,,5000,,,,"Select Book Type",Hardcopy,,1,,,,,,,,"{""USD"":""""}",,,,,,,,,,,,,,,,,,,,,,,,,,,,,,,,,,,,,,,,,,,,,,,,,,,,,,,,,,,,,manual,fixed,,,no,,,,
7258,"variation, downloadable, virtual",,"THE REALM OF FAITH - Softcopy",1,,1,,3500,,,,"Select Book Type",Softcopy,,1,,,,,,,,"{""USD"":""""}",,,,,,,,,,,,,,,,,,,,,,,,,,,,,,,,,,,,,,,,,,,,,,,,,,,,,45256f9b-1351-475c-a8fe-39f25b9f1e78,"The Realm of Faith",https://kairosbookshop.org/wp-content/uploads/woocommerce_uploads/2025/01/THE-REALM-OF-FAITH-kyybqj.pdf,,,,,,manual,fixed,,,no,,,,
7361,"simple, downloadable, virtual",,"FIRSTFRUIT, FIRSTLINGS & FIRSTBORNS",1,,1,,3500,"Breakthrough, Deliverance, Prayer",https://kairosbookshop.org/wp-content/uploads/2025/01/FirstFruit-Firstlings-and-Firstborns.jpeg,,,,,,,,,,,default,,"{""USD"":""3.50""}",,,default,default,default,default,,,,manual,fixed,no,,,,,,,,0,8254,default,default,default,set,,,,,,,,,,26,,2025-01-19,,,,,,,,,,,,,,,,28bfa4d8-dc37-4720-a1d7-c85b632054f2,"First Fruit, Firstlings, Firstborn",https://kairosbookshop.org/wp-content/uploads/woocommerce_uploads/2025/01/Firstfruits-Firstlings-Firstborns-Prophet-Isaiah-Macwealth-w7pl4v.pdf,,,,,,,,,,,"<iframe title=""Firstfruit, Firstborn and Firstlings - Prophet Isaiah Macwealth"" width=""1180"" height=""664"" src=""https://www.youtube.com/embed/RucZgir9qc4?feature=oembed"" frameborder=""0"" allow=""accelerometer; autoplay; clipboard-write; encrypted-media; gyroscope; picture-in-picture; web-share"" referrerpolicy=""strict-origin-when-cross-origin"" allowfullscreen></iframe>",1738226366,{{unknown}},{{unknown}}
8327,variation,,"VICTORY OVER THE SPIRIT OF FEAR, ANXIETY AND CONFUSION - Hardcopy",1,,1,,5000,,https://kairosbookshop.org/wp-content/uploads/2023/11/Victory-Over-The-Spirirt-Of-Fear-Anxiety-and-Confusion.jpeg,,"Select Book Type",Hardcopy,,1,,,,,,,,"{""USD"":""""}",,,,,,,,,,,,,,,,,,,,,,,,,,,,,,,,,,,,,,,,,,,,,,,,,,,,,,,,,,,,,manual,fixed,,,no,,,,
8328,"variation, downloadable, virtual",,"VICTORY OVER THE SPIRIT OF FEAR, ANXIETY AND CONFUSION - Softcopy",1,,1,,3500,,https://kairosbookshop.org/wp-content/uploads/2023/11/Victory-Over-The-Spirirt-Of-Fear-Anxiety-and-Confusion.jpeg,,"Select Book Type",Softcopy,,1,,,,,,,,"{""USD"":""""}",,,,,,,,,,,,,,,,,,,,,,,,,,,,,,,,,,,,,,,,,,,,,,,,,,,,,b21971d4-ad09-4aca-9e45-1ff77ca234a4,Victory-Over-The-Spirirt-Of-Fear-Anxiety-and-Confusion.jpeg,https://kairosbookshop.org/wp-content/uploads/woocommerce_uploads/2023/11/VICTORY-OVER-THE-SPIRIT-OF-FEAR-ANXIETY-AND-CONFUSION-nrhsp4.pdf,,,,,,manual,fixed,,,no,,,,
8331,variation,,"HOW TO RECEIVE, RETAIN AND RELEASE HEALING MIRACLES - Hardcopy",1,,1,,15000,,https://kairosbookshop.org/wp-content/uploads/2025/03/WhatsApp-Image-2025-03-14-at-1.33.54-PM.jpeg,,"Select Book Type",Hardcopy,,1,,,,,,,,"{""USD"":""""}",,,,,,,,,,,,,,,,,,,,,,,,,,,,,,,,,,,,,,,,,,,,,,,,,,,,,,,,,,,,,manual,fixed,,,no,,,,
8332,"variation, downloadable, virtual",,"HOW TO RECEIVE, RETAIN AND RELEASE HEALING MIRACLES - Softcopy",1,,1,,13000,,https://kairosbookshop.org/wp-content/uploads/2025/03/WhatsApp-Image-2025-03-14-at-1.33.54-PM.jpeg,,"Select Book Type",Softcopy,,1,,,,,,,,"{""USD"":""3.5""}",,,,,,,,,,,,,,,,,,,,,,,,,,,,,,,,,,,,,,,,,,,,,,,,,,,,,20019069-bc75-4261-ae68-73a4e806ed61,"How To Receive, Retain and Release Healing Miracles",https://kairosbookshop.org/wp-content/uploads/woocommerce_uploads/2023/11/How-to-Receive-Retain-Release-Healing-Miracles-d3xgtt.pdf,,,,,,manual,fixed,,,no,,,,
8338,variation,,"LEADERSHIP IN LAY MINISTRY - Hardcopy",1,,1,,5000,,https://kairosbookshop.org/wp-content/uploads/2025/03/Leadership-In-Lay-Ministry-1.jpeg,,"Select Book Type",Hardcopy,,1,,,,,,,,"{""USD"":""""}",,,,,,,,,,,,,,,,,,,,,,,,,,,,,,,,,,,,,,,,,,,,,,,,,,,,,,,,,,,,,manual,fixed,,,no,,,,
8339,"variation, downloadable, virtual",,"LEADERSHIP IN LAY MINISTRY - Softcopy",1,,1,,3500,,https://kairosbookshop.org/wp-content/uploads/2025/03/Leadership-In-Lay-Ministry-1.jpeg,,"Select Book Type",Softcopy,,1,,,,,,,,"{""USD"":""""}",,,,,,,,,,,,,,,,,,,,,,,,,,,,,,,,,,,,,,,,,,,,,,,,,,,,,3b0838d4-f19d-4170-92e7-02005a00030b,"Leadership In Lay Ministry",https://kairosbookshop.org/wp-content/uploads/woocommerce_uploads/2023/10/LEADERSHIP-IN-LAY-MINISTRY-zobd5k.pdf,,,,,,manual,fixed,,,no,,,,
8342,variation,,"THE CONSCIOUSNESS OF LAY MINISTRY - Hardcopy",1,,1,,,,https://kairosbookshop.org/wp-content/uploads/2025/03/The-Consciousness-Of-Lay-Ministry-4.jpeg,,"Select Book Type",Hardcopy,,1,,,,,,,,"{""USD"":""5000""}",,,,,,,,,,,,,,,,,,,,,,,,,,,,,,,,,,,,,,,,,,,,,,,,,,,,,,,,,,,,,manual,fixed,,,no,,,,
8343,"variation, downloadable, virtual",,"THE CONSCIOUSNESS OF LAY MINISTRY - Softcopy",1,,1,,3500,,https://kairosbookshop.org/wp-content/uploads/2025/03/The-Consciousness-Of-Lay-Ministry-4.jpeg,,"Select Book Type",Softcopy,,1,,,,,,,,"{""USD"":""""}",,,,,,,,,,,,,,,,,,,,,,,,,,,,,,,,,,,,,,,,,,,,,,,,,,,,,c2400507-96a8-4c20-8e33-21f1e7bdd408,"The Consciousness Of Lay Ministry",https://kairosbookshop.org/wp-content/uploads/woocommerce_uploads/2023/10/THE-CONSCIOUSNESS-OF-LAY-MINISTRY-ndoiky.pdf,,,,,,manual,fixed,,,no,,,,
8355,variation,,"THE PRACTICE OF LAY MINISTRY - Hardcopy",1,,1,,5000,,https://kairosbookshop.org/wp-content/uploads/2025/03/The-Practice-Of-Lay-Ministry.jpeg,,"Select Book Type",Hardcopy,,1,,,,,,,,"{""USD"":""""}",,,,,,,,,,,,,,,,,,,,,,,,,,,,,,,,,,,,,,,,,,,,,,,,,,,,,,,,,,,,,manual,fixed,,,no,,,,
8356,"variation, downloadable, virtual",,"THE PRACTICE OF LAY MINISTRY - Softcopy",1,,1,,3500,,https://kairosbookshop.org/wp-content/uploads/2025/03/The-Practice-Of-Lay-Ministry.jpeg,,"Select Book Type",Softcopy,,1,,,,,,,,"{""USD"":""""}",,,,,,,,,,,,,,,,,,,,,,,,,,,,,,,,,,,,,,,,,,,,,,,,,,,,,6928a945-cb42-4277-aeff-221b58687ca2,"The Practice Of Lay Ministry",https://kairosbookshop.org/wp-content/uploads/woocommerce_uploads/2023/10/THE-PRACTICE-OF-LAY-MINISTRY-cdqaa4.pdf,,,,,,manual,fixed,,,no,,,,
8361,variable,,"THE MECHANISM OF FAITH",1,,1,,,Faith,https://kairosbookshop.org/wp-content/uploads/2025/03/The-Mechanism-Of-Faith.jpeg,,"Select Book Type","Hardcopy, Softcopy",1,1,,,,,,default,,,,,default,default,default,default,,,,manual,fixed,no,,,,,,,,0,547,default,default,default,set,,,,,,,,,,,,,,,,,,,,,,,,,,,,,,,,,,,,,,,,,,,,
8363,variation,,"THE MECHANISM OF FAITH - Hardcopy",1,,1,,5000,,https://kairosbookshop.org/wp-content/uploads/2025/03/The-Mechanism-Of-Faith.jpeg,,"Select Book Type",Hardcopy,,1,,,,,,,,"{""USD"":""""}",,,,,,,,,,,,,,,,,,,,,,,,,,,,,,,,,,,,,,,,,,,,,,,,,,,,,,,,,,,,,manual,fixed,,,no,,,,
8364,"variation, downloadable, virtual",,"THE MECHANISM OF FAITH - Softcopy",1,,1,,3500,,https://kairosbookshop.org/wp-content/uploads/2025/03/The-Mechanism-Of-Faith.jpeg,,"Select Book Type",Softcopy,,1,,,,,,,,"{""USD"":""""}",,,,,,,,,,,,,,,,,,,,,,,,,,,,,,,,,,,,,,,,,,,,,,,,,,,,,f9129321-d02f-45ea-81d0-a00ce28d3026,THE-MECHANISM-OF-FAITH-gsid5h.pdf,https://kairosbookshop.org/wp-content/uploads/woocommerce_uploads/2025/03/THE-MECHANISM-OF-FAITH-gsid5h.pdf,,,,,,manual,fixed,,,no,,,,
8469,"simple, downloadable, virtual",,"GETTING RESULTS IN PRAYER",1,,1,,3500,Breakthrough,https://kairosbookshop.org/wp-content/uploads/2025/05/Getting-Results-in-Prayer.jpg,,,,,,,,,,,default,,"{""USD"":""""}",,,default,default,default,default,,,,manual,fixed,no,,,,,,,,0,485,default,default,default,set,,,,,,,,,,,,,,,,,,,,,,,,,,,,ab065c66-8516-4025-a2a4-38dd11bbc017,GETTING-RESULTS-IN-PRAYER-uluv70.pdf,https://kairosbookshop.org/wp-content/uploads/woocommerce_uploads/2025/05/GETTING-RESULTS-IN-PRAYER-uluv70.pdf,,,,,,,,,,,,,,
8549,variable,,"THE PURPOSE OF YOUR CHURCH",1,,1,,,"Pastoral ministry and Church Growth, Revival",https://kairosbookshop.org/wp-content/uploads/2025/08/The-purpose-of-your-church-1.jpeg,,"Select Book Type","Hardcopy, Softcopy",1,1,,,,,,default,,,,,default,default,default,default,,,,manual,fixed,no,,,,,,,,0,278,default,default,default,set,,,,,,,,,0,,,,,,,,,,,,,,,,,,,,,,,,,,,,,,,,,,,
8550,variation,,"THE PURPOSE OF YOUR CHURCH - Hardcopy",1,,1,,5000,,https://kairosbookshop.org/wp-content/uploads/2025/08/The-purpose-of-your-church.jpeg,,"Select Book Type",Hardcopy,,1,,,,,,,,"{""USD"":""""}",,,,,,,,,,,,,,,,,,,,,,,,,,,,,,,,,,,,,,,,,,,,,,,,,,,,,,,,,,,,,manual,fixed,,,no,,,,
8551,"variation, downloadable, virtual",,"THE PURPOSE OF YOUR CHURCH - Softcopy",1,,1,,3500,,https://kairosbookshop.org/wp-content/uploads/2025/08/The-purpose-of-your-church.jpeg,,"Select Book Type",Softcopy,,1,,,,,,,,"{""USD"":""""}",,,,,,,,,,,,,,,,,,,,,,,,,,,,,,,,,,,,,,,,,,,,,,,,,,,,,37b2a649-7125-435f-b960-3bf3668b25d6,The-purpose-of-your-church-jy3mpx.jpeg,https://kairosbookshop.org/wp-content/uploads/woocommerce_uploads/2025/08/The-purpose-of-your-church-jy3mpx.jpeg,,,,,,manual,fixed,,,no,,,,
8557,variable,,"SETTING OUT AS A SOUL WINNER",1,,1,,,"Pastoral ministry and Church Growth, Revival",https://kairosbookshop.org/wp-content/uploads/2025/08/Setting-out-as-a-soul-winner.jpg,,"Select Book Type","Hardcopy, Softcopy",1,1,,,,,,default,,,,,default,default,default,default,,,,manual,fixed,no,,,,,,,,0,495,default,default,default,set,,,,,,,,,0,,,,,,,,,,,,,,,,,,,,,,,,,,,,,,,,,,,
8558,variation,,"SETTING OUT AS A SOUL WINNER - Hardcopy",1,,1,,5000,,https://kairosbookshop.org/wp-content/uploads/2025/08/Setting-out-as-a-soul-winner.jpg,,"Select Book Type",Hardcopy,,1,,,,,,,,"{""USD"":""""}",,,,,,,,,,,,,,,,,,,,,,,,,,,,,,,,,,,,,,,,,,,,,,,,,,,,,,,,,,,,,manual,fixed,,,no,,,,
8559,"variation, downloadable, virtual",,"SETTING OUT AS A SOUL WINNER - Softcopy",1,,1,,3500,,https://kairosbookshop.org/wp-content/uploads/2025/08/Setting-out-as-a-soul-winner.jpg,,"Select Book Type",Softcopy,,1,,,,,,,,"{""USD"":""""}",,,,,,,,,,,,,,,,,,,,,,,,,,,,,,,,,,,,,,,,,,,,,,,,,,,,,e6d206fc-15b7-4ecb-b9b6-78e142413faa,Setting-Out-As-A-Soul-Winner-snrlcf.pdf,https://kairosbookshop.org/wp-content/uploads/woocommerce_uploads/2025/08/Setting-Out-As-A-Soul-Winner-snrlcf.pdf,,,,,,manual,fixed,,,no,,,,
8565,variable,,"REACHING YOUR WORLD WITH CHRIST",1,,1,,,"Pastoral ministry and Church Growth, Revival",https://kairosbookshop.org/wp-content/uploads/2025/08/Reaching-your-world-with-christ.jpg,,"Select Book Type","Hardcopy, Softcopy",1,1,,,,,,default,,,,,default,default,default,default,,,,manual,fixed,no,,,,,,,,0,430,default,default,default,set,,,,,,,,,0,,,,,,,,,,,,,,,,,,,,,,,,,,,,,,,,,,,
8566,variation,,"REACHING YOUR WORLD WITH CHRIST - Hardcopy",1,,1,,5000,,https://kairosbookshop.org/wp-content/uploads/2025/08/Reaching-your-world-with-christ.jpg,,"Select Book Type",Hardcopy,,1,,,,,,,,"{""USD"":""""}",,,,,,,,,,,,,,,,,,,,,,,,,,,,,,,,,,,,,,,,,,,,,,,,,,,,,,,,,,,,,manual,fixed,,,no,,,,
8567,"variation, downloadable, virtual",,"REACHING YOUR WORLD WITH CHRIST - Softcopy",1,,1,,3500,,https://kairosbookshop.org/wp-content/uploads/2025/08/Reaching-your-world-with-christ.jpg,,"Select Book Type",Softcopy,,1,,,,,,,,"{""USD"":""""}",,,,,,,,,,,,,,,,,,,,,,,,,,,,,,,,,,,,,,,,,,,,,,,,,,,,,5590143c-3c17-42a8-bb41-5d963d6a1a7b,Reaching-Your-World-With-Christ-2lqryl.pdf,https://kairosbookshop.org/wp-content/uploads/woocommerce_uploads/2025/08/Reaching-Your-World-With-Christ-2lqryl.pdf,,,,,,manual,fixed,,,no,,,,
8762,variable,,"TAKING SOULWINNING SERIOUSLY",1,,1,,,"Pastoral ministry and Church Growth, Revival","https://kairosbookshop.org/wp-content/uploads/2026/01/GGKEY_Y7Q5X2192B8_frontcover.jpeg, https://kairosbookshop.org/wp-content/uploads/2026/01/GGKEY_Y7Q5X2192B8_frontcover.jpeg",,"Select Book Type","Hardcopy, Softcopy",1,1,,,,,,default,,"{""USD"":""""}",,,default,default,default,default,,,,manual,fixed,no,,,,,,,,0,220,default,default,default,set,,,,,,,,,0,,,,,,,,,,,,,,,,,,,,,,,,,,,,,,,,,,,
8766,variation,,"TAKING SOULWINNING SERIOUSLY - Hardcopy",1,,1,,5000,,,,"Select Book Type",Hardcopy,,1,,,,,,,,"{""USD"":""4.99""}",,,,,,,,,,,,,,,,,,,,,,,,,,,,,,,,,,,,,,,,,,,,,,,,,,,,,,,,,,,,,manual,fixed,,,no,,,,
8767,"variation, downloadable, virtual",,"TAKING SOULWINNING SERIOUSLY - Softcopy",1,,1,,3500,,,,"Select Book Type",Softcopy,,1,,,,,,,,"{""USD"":""3.99""}",,,,,,,,,,,,,,,,,,,,,,,,,,,,,,,,,,,,,,,,,,,,,,,,,,,,,04be07cd-51a8-4425-b17e-343d482d2996,"Taking Soulwinning Seriously",https://kairosbookshop.org/wp-content/uploads/woocommerce_uploads/2026/01/TAKING-SOULWINNING-SERIOUSLY-wr1cis.pdf,,,,,,manual,fixed,,,no,,,,
8780,variation,,"THE ANOINTING FOR LAY MINISTRY - Hardcopy",1,,1,,5000,,,,"Select Book Type",Hardcopy,,1,,,,,,,,"{""USD"":""""}",,,,,,,,,,,,,,,,,,,,,,,,,,,,,,,,,,,,,,,,,,,,,,,,,,,,,,,,,,,,,manual,fixed,,,no,,,,
8781,"variation, downloadable, virtual",,"THE ANOINTING FOR LAY MINISTRY - Softcopy",1,,1,,3500,,,,"Select Book Type",Softcopy,,1,,,,,,,,"{""USD"":""""}",,,,,,,,,,,,,,,,,,,,,,,,,,,,,,,,,,,,,,,,,,,,,,,,,,,,,ba9425ab-346d-4ad0-818d-77abf2fad11a,"THE ANOINTING FOR LAY MINISTRY",https://kairosbookshop.org/wp-content/uploads/woocommerce_uploads/2023/10/The-Anointing-For-Lay-Ministry-1-vplfvz.pdf,,,,,,manual,fixed,,,no,,,,
9000,"simple, downloadable, virtual",,"GROWING YOUR HOP – HOP School of Harvest Training Manual (Volume 2)",1,,1,,1000,"Pastoral ministry and Church Growth",https://kairosbookshop.org/wp-content/uploads/2026/05/HOP-VOLUME-2.jpeg,,,,,,,,,,,default,,"{""USD"":""""}",,,default,,default,default,,,,manual,fixed,no,,,,,,,,0,32,default,default,default,set,,,,,,,,,,,,,,,,,,,,,,,,,,,,807df890-50bb-4495-a57e-b6500c3f432c,"GROWING YOUR HOP – HOP School of Harvest Training Manual (Volume 2)",https://kairosbookshop.org/wp-content/uploads/woocommerce_uploads/2026/05/HSH-Volume-2-GROWING-YOUR-HOP-gpimoo.pdf,,,,,,,,,,,,,,
9004,"simple, downloadable, virtual",,"MULTIPLYING HOPS IN YOUR CITY – HOP School of Harvest Training Manual (Volume 3)",1,,1,,1000,"Pastoral ministry and Church Growth",https://kairosbookshop.org/wp-content/uploads/2026/05/HOP-MANUAL-VOLUME-3.jpeg,,,,,,,,,,,default,,"{""USD"":""""}",,,default,,default,default,,,,manual,fixed,no,,,,,,,,0,41,default,default,default,set,,,,,,,,,,,,,,,,,,,,,,,,,,,,47206536-6776-46e5-9434-5d039c03090a,"MULTIPLYING HOPS IN YOUR CITY – HOP School of Harvest Training Manual (Volume 3)",https://kairosbookshop.org/wp-content/uploads/woocommerce_uploads/2026/05/HSH-Manual-Volume-3-MULTIPLYING-HOPS-IN-YOUR-CITY-mlombh.pdf,,,,,,,,,,,,,,
9007,"simple, downloadable, virtual",,"OPTIMIZING HOP THROUGH THE FOP SYSTEM  – HOP School of Harvest Training Manual (Volume 4)",1,,1,,1000,"Pastoral ministry and Church Growth",https://kairosbookshop.org/wp-content/uploads/2026/05/HOP-MANUAL-VOLUME-4.jpeg,,,,,,,,,,,default,,"{""USD"":""""}",,,default,,default,default,,,,manual,fixed,no,,,,,,,,0,38,default,default,default,set,,,,,,,,,,,,,,,,,,,,,,,,,,,,6ea2ee45-1a44-4f37-a691-db0ba423d6f7,"OPTIMIZING HOP THROUGH THE FOP SYSTEM – HOP School of Harvest Training Manual (Volume 4)",https://kairosbookshop.org/wp-content/uploads/woocommerce_uploads/2026/05/HSH-Volume-4-OPTIMIZING-HOP-THROUGH-THE-FOP-SYSTEM-eirpgu.pdf,,,,,,,,,,,,,,
11357,variable,,"THE MORNING ALTAR WARRIOR",1,,1,,,"Prayer, Spiritual Growth, Spiritual Warfare",https://kairosbookshop.org/wp-content/uploads/2026/06/THE-MORNING-ALTAR-WARRIOR.jpeg,,"Select Book Type","Audio Book, Softcopy",1,1,,,,,,default,,"{""USD"":""6.99""}",,,default,,default,default,,,,manual,fixed,no,,,,,,,,0,194,default,default,default,set,,,,,,,,,,,,,,,,,,,,,,,,,,,,,,,,,,,,,,,,,,,,
11424,variable,,TEST,-1,,1,,,,,,"Select Book Type","Audio Book, Softcopy",1,1,,,,,,,,,,,,,,,,,,,,,,,,,,,,,,,,,,,,,,,,,,,,,,,,,,,,,,,,,,,,,,,,,,,,,,,,,,,,,
11426,variation,,"AUTO-DRAFT - Hardcopy",1,,1,,,,,,"Select Book Type",Hardcopy,,1,,,,,,,,,,,,,,,,,,,,,,,,,,,,,,,,,,,,,,,,,,,,,,,,,,,,,,,,,,,,,,,,,,,,,,,,,,,,,
11427,variation,,"AUTO-DRAFT - Softcopy",1,,1,,,,,,"Select Book Type",Softcopy,,1,,,,,,,,,,,,,,,,,,,,,,,,,,,,,,,,,,,,,,,,,,,,,,,,,,,,,,,,,,,,,,,,,,,,,,,,,,,,,
11440,variation,,"TEST - Audio Book",-1,,1,,,,,,"Select Book Type","Audio Book",,1,,,,,,,,,,,,,,,,,,,,,,,,,,,,,,,,,,,,,,,,,,,,,,,,,,,,,,,,,,,,,,,,,,,,,,,,,,,,,
11441,variation,,"TEST - Softcopy",-1,,1,,,,,,"Select Book Type",Softcopy,,1,,,,,,,,,,,,,,,,,,,,,,,,,,,,,,,,,,,,,,,,,,,,,,,,,,,,,,,,,,,,,,,,,,,,,,,,,,,,,
11460,"variation, downloadable",,"THE MORNING ALTAR WARRIOR - Softcopy",1,,1,3500,5000,,,,"Select Book Type",Softcopy,,1,,,,,,,,"{""USD"":""""}","{""USD"":""""}",,,,,,,,,,,,,,,,,,,,,,,,,,,,,,,,,,,,,,,,,,,,,,,,,,,,10cb79d3-5958-47d3-b61d-030da7cfa1f2,"The Morning Altar",https://kairosbookshop.org/wp-content/uploads/woocommerce_uploads/2026/06/THE-MORNING-ALTAR-WARRIOR-PROPHET-ISAIAH-MACWEALTH-tlsbnt.pdf,,,,,,manual,fixed,,,no,,,,
